"ID","year","place","sowing","varietyID","variety","block","plot","ind","CanopyArea_20170726","CanopyArea_20170802","CanopyArea_20170809","CanopyArea_20170812","CanopyArea_20170813","CanopyArea_20170814","CanopyArea_20170819","CanopyArea_20170829","CanopyArea_20170904","CanopyArea_20170905","CanopyArea_20170909","CanopyArea_20170910","CanopyArea_20170911","CanopyArea_20170919","CanopyArea_20170920","CanopyArea_20170921"
NA,2017,"Tottori","Jul",21,"GmJMC021","D1",1,NA,0.070884836,0.162396347,0.245046552,0.286646962,0.310592798,0.342905191,0.247389845,0.236194715,0.20339263,0.169955133,0.15320625,0.215573975,0.140327336,0.167788037,0.170648946,0.137303586
NA,2017,"Tottori","Jul",135,"GmWMC135","D1",2,NA,0.056622483,0.121012874,0.210425194,0.287819493,0.302970622,0.375689028,0.298215227,0.358212967,0.279035028,0.326494508,0.33094375,0.496599028,0.423922577,0.414941622,0.42173438,0.383974643
NA,2017,"Tottori","Jul",118,"GmWMC118","D1",3,NA,0.058076939,0.145636963,0.246491176,0.32154533,0.342058702,0.3860853,0.325820575,0.374858949,0.314975729,0.353139508,0.3010625,0.347120057,0.298505433,0.28325153,0.319365274,0.298688242
NA,2017,"Tottori","Jul",191,"GmWMC191","D1",4,NA,0.04677415,0.11288621,0.198179996,0.259503157,0.309344151,0.359346187,0.309890954,0.453298235,0.369659588,0.439868983,0.4375125,0.511541633,0.451217088,0.399943251,0.442950625,0.413034426
NA,2017,"Tottori","Jul",221,"C0394","D1",5,NA,0.070110573,0.161866477,0.227376267,0.285310164,0.303839246,0.336737773,0.317630965,0.373247817,0.309967936,0.376613753,0.35819375,0.364761857,0.356374319,0.388080358,0.459984405,0.397372223
NA,2017,"Tottori","Jul",90,"GmJMC090","D1",6,NA,0.063518486,0.111469253,0.200697237,0.296004551,0.320435394,0.362397178,0.342614808,0.420391233,0.360375593,0.439082955,0.36954375,0.471283045,0.409530755,0.361348907,0.424824195,0.414823651
NA,2017,"Tottori","Jul",34,"GmJMC034","D1",7,NA,0.034617502,0.102711507,0.168872124,0.288244323,0.332807857,0.394125846,0.339592122,0.45236435,0.317716619,0.412957533,0.33094375,0.457372486,0.434082619,0.307047214,0.356471994,0.323400294
NA,2017,"Tottori","Jul",72,"GmWMC072","D1",8,NA,0.063424417,0.126758098,0.197504186,0.276014883,0.300500473,0.336508744,0.237581681,0.311646992,0.262991544,0.286953328,0.30705,0.359319362,0.346525298,0.314366659,0.343396362,0.313728106
NA,2017,"Tottori","Jul",122,"GmWMC122","D1",9,NA,0.061883127,0.174714346,0.244792348,0.330489418,0.369371498,0.405847213,0.362341807,0.464540511,0.431082328,0.488149723,0.38950625,0.49818679,0.453846635,0.431767358,0.520101924,0.455716523
NA,2017,"Tottori","Jul",89,"GmWMC089","D1",10,NA,0.05397407,0.143493667,0.237556832,0.314691406,0.3583074,0.396726959,0.290606637,0.329554789,0.289555514,0.320086385,0.25329375,0.297132017,0.256998173,0.230198037,0.290587304,0.238528786
NA,2017,"Tottori","Jul",46,"GmWMC046","D1",11,NA,0.055450234,0.139647642,0.219024733,0.288187679,0.307482038,0.346250648,0.156896043,0.201633808,0.046007807,0.029869045,0.02388125,0.092284256,0.020338934,0.024884115,0.070414489,0.058335656
NA,2017,"Tottori","Jul",140,"GmWMC140","D1",12,NA,0.041781241,0.099984758,0.181762132,0.270135236,0.29439296,0.32207175,0.332965732,0.376876427,0.350576394,0.375947628,0.405125,0.470092224,0.473224229,0.447484693,0.478067419,0.462709195
NA,2017,"Tottori","Jul",174,"GmWMC174","D1",13,NA,0.054335875,0.152150202,0.294083143,0.408187993,0.430723497,0.46869926,0.409812491,0.518762924,0.45692501,0.531234688,0.517575,0.665845637,0.653880712,0.592575461,0.656661603,0.619296653
NA,2017,"Tottori","Jul",189,"GmWMC189","D1",14,NA,0.049712007,0.119232747,0.203468682,0.309514145,0.349778598,0.380277784,0.374453298,0.421688693,0.367269036,0.419672073,0.4251375,0.490662563,0.483101524,0.459667125,0.511143632,0.476366083
NA,2017,"Tottori","Jul",1134,"Nagoyadai1","D1",15,NA,0.033011088,0.076473992,0.146458762,0.22521088,0.236911767,0.27544803,0.212819179,0.259484831,0.236149364,0.273191185,0.21155,0.312418636,0.324631256,0.274863626,0.333540793,0.273535366
NA,2017,"Tottori","Jul",29,"GmWMC029","D1",16,NA,0.051629574,0.120691379,0.249727628,0.328620166,0.373622327,0.405135588,0.341770946,0.382665094,0.367650288,0.419152495,0.3831125,0.42487629,0.370294896,0.339290717,0.378940085,0.332882323
NA,2017,"Tottori","Jul",60,"GmJMC060","D1",17,NA,0.06943038,0.128091704,0.214616462,0.307095446,0.347460458,0.398976349,0.322977729,0.395361665,0.371297939,0.44108133,0.4135125,0.472738494,0.4924793,0.431767358,0.509146468,0.473798934
NA,2017,"Tottori","Jul",159,"GmWMC159","D1",18,NA,0.050862547,0.139260658,0.212347225,0.338878394,0.363475713,0.410910386,0.435999875,0.469808768,0.424312534,0.512343383,0.521575,0.52553158,0.534259881,0.42388872,0.458595074,0.442595538
NA,2017,"Tottori","Jul",113,"GmWMC113","D1",19,NA,0.052881419,0.102866301,0.176033239,0.235616382,0.274376606,0.31102929,0.280833057,0.294979624,0.287793513,0.366568588,0.3044125,0.326708494,0.326553935,0.308614954,0.354691914,0.318551234
NA,2017,"Tottori","Jul",37,"GmJMC037","D1",20,NA,0.083830219,0.179846349,0.224077814,0.311321088,0.341092358,0.382846178,0.291360579,0.344867666,0.286732191,0.372403843,0.2887125,0.355711613,0.333566061,0.323583368,0.348714895,0.298791965
NA,2017,"Tottori","Jul",192,"GmWMC192","D1",21,NA,0.057505287,0.141886195,0.213432242,0.290153226,0.315104214,0.335060955,0.325121968,0.33130137,0.193469782,0.238139688,0.28269375,0.346634907,0.334715899,0.32153632,0.368353671,0.35676459
NA,2017,"Tottori","Jul",106,"GmJMC106","D1",22,NA,0.044711862,0.108087608,0.224232817,0.316050862,0.349892605,0.391990971,0.390016323,0.500933545,0.44553898,0.558758973,0.5438875,0.60776001,0.586200505,0.52065917,0.581710079,0.566778139
NA,2017,"Tottori","Jul",184,"GmJMC184","D1",23,NA,0.05848216,0.142130293,0.227797874,0.318350609,0.355337792,0.406264373,0.400433175,0.510849845,0.446466349,0.54947319,0.54139375,0.622790824,0.580686939,0.512201366,0.611653061,0.612753448
NA,2017,"Tottori","Jul",171,"GmWMC171","D1",24,NA,0.062939598,0.140671661,0.25050884,0.388305949,0.431776704,0.485680109,0.49366607,0.539978531,0.508476423,0.588921113,0.5527,0.617912866,0.595107036,0.562828358,0.610668951,0.605994152
NA,2017,"Tottori","Jul",124,"GmWMC124","D1",25,NA,0.06959681,0.176506379,0.258463569,0.325068587,0.372894854,0.410321454,0.369915812,0.438726764,0.376027521,0.4721494,0.47658125,0.482723753,0.489312533,0.413963034,0.455888772,0.419102233
NA,2017,"Tottori","Jul",227,"Tachiutaka","D1",26,NA,0.039357148,0.087160704,0.170552351,0.250258856,0.27351884,0.31205992,0.245909629,0.310306759,0.272625878,0.32981181,0.28039375,0.272230616,0.326648184,0.313258258,0.316897763,0.285619118
NA,2017,"Tottori","Jul",39,"GmJMC039","D1",27,NA,0.066962869,0.146768147,0.281738744,0.368225651,0.409398778,0.445919074,0.372661821,0.414360184,0.384013199,0.460452245,0.42724375,0.411689045,0.375374917,0.367340267,0.397486209,0.357118978
NA,2017,"Tottori","Jul",40,"GmJMC040","D1",28,NA,0.064119082,0.137546021,0.251135051,0.338147687,0.364898085,0.40120938,0.353294501,0.434520713,0.329370557,0.416661188,0.39495625,0.442544553,0.427042219,0.411207008,0.435258651,0.391287128
NA,2017,"Tottori","Jul",15,"GmWMC015","D1",29,NA,0.038524996,0.114404378,0.199990426,0.321279104,0.343356209,0.372302674,0.388736697,0.481336199,0.378088341,0.442000583,0.412575,0.497410551,0.463045337,0.341457592,0.406082696,0.3547247
NA,2017,"Tottori","Jul",95,"GmJMC095","D1",30,NA,0.069119227,0.14356511,0.248686011,0.365676671,0.390310766,0.44027515,0.458943232,0.535095234,0.517688288,0.595369203,0.592775,0.617842299,0.596040101,0.532671846,0.578605792,0.549274849
NA,2017,"Tottori","Jul",173,"GmWMC173","D1",31,NA,0.031549396,0.113701853,0.205111708,0.312589914,0.347514747,0.384473918,0.36699688,0.445449317,0.421324345,0.485338675,0.49865,0.532358957,0.5325257,0.467555749,0.514132141,0.50231417
NA,2017,"Tottori","Jul",187,"GmWMC187","D1",32,NA,0.028958872,0.069710702,0.142695302,0.255175556,0.275435242,0.332557997,0.365848675,0.421973849,0.361828472,0.477771495,0.51290625,0.518501323,0.512083092,0.515127147,0.523488418,0.522678492
NA,2017,"Tottori","Jul",117,"GmJMC117","D1",33,NA,0.0361805,0.066108774,0.136588203,0.210783653,0.220673927,0.252168888,0.220586858,0.292177967,0.256809084,0.333928463,0.32845625,0.3400898,0.359437411,0.359881024,0.409461955,0.380767867
NA,2017,"Tottori","Jul",31,"GmJMC031","D1",34,NA,0.069517213,0.140826454,0.260776206,0.372253039,0.387096857,0.427457716,0.36282599,0.455465421,0.352863905,0.45685517,0.4521375,0.486393247,0.498991906,0.380091878,0.439209562,0.434410049
NA,2017,"Tottori","Jul",79,"GmJMC079","D1",35,NA,0.096572991,0.198540653,0.274218023,0.35459144,0.383866661,0.430615042,0.374342628,0.469430936,0.388423354,0.407841693,0.40754375,0.404544116,0.404931404,0.36606211,0.415388321,0.355502624
NA,2017,"Tottori","Jul",55,"GmJMC055","D1",36,NA,0.066760259,0.14541668,0.242919918,0.345907915,0.379262954,0.426885144,0.407426161,0.497910892,0.419098659,0.47555996,0.4384375,0.462453324,0.423847178,0.424507827,0.442755251,0.353298506
NA,2017,"Tottori","Jul",35,"GmWMC035","D1",37,NA,0.056846802,0.135170534,0.207852152,0.289552799,0.324952238,0.362618027,0.343624675,0.365327609,0.339561311,0.362305388,0.33294375,0.355491091,0.358994441,0.307985861,0.354880052,0.256758138
NA,2017,"Tottori","Jul",109,"GmWMC109","D1",38,NA,0.057230315,0.148726882,0.223544606,0.324632428,0.3528785,0.382330863,0.354691715,0.422301778,0.283919171,0.384180933,0.417175,0.424144156,0.427343816,0.413723379,0.453291012,0.432689972
NA,2017,"Tottori","Jul",56,"GmJMC056","D1",39,NA,0.035543723,0.075307086,0.129867295,0.189236275,0.216222229,0.237298376,0.249866096,0.298223274,0.253326299,0.304059418,0.2815625,0.313750592,0.294113429,0.247363283,0.279342404,0.2596451
NA,2017,"Tottori","Jul",98,"GmJMC098","D1",40,NA,0.05367739,0.147607605,0.223569406,0.340192535,0.354425737,0.399638897,0.35383402,0.447637889,0.354955637,0.478890585,0.4733125,0.503946838,0.512686285,0.46782536,0.509624051,0.499435852
NA,2017,"Tottori","Jul",111,"GmJMC111","D1",41,NA,0.061535794,0.11184433,0.188557441,0.284273578,0.287503686,0.33680321,0.333200907,0.431091712,0.326938789,0.393520005,0.43119375,0.445146719,0.446749685,0.385653858,0.444680053,0.407623532
NA,2017,"Tottori","Jul",1138,"Nagoyadai5","D1",42,NA,0.000716374,0.00678115,0.01054637,0.024317269,0.019511467,0.028105106,0.021269468,0.046002792,0.009840416,0.020183588,0.02188125,0.034533824,0.01086691,0.035299096,0.061347656,0.047479295
NA,2017,"Tottori","Jul",1136,"Nagoyadai3","D1",43,NA,0.014486672,0.040424944,0.070774142,0.127760542,0.126601948,0.146668408,0.130176058,0.19008499,0.119362694,0.187460898,0.19676875,0.162824993,0.186490496,0.115703147,0.150793088,0.118667984
NA,2017,"Tottori","Jul",78,"GmJMC078","D1",44,NA,0.075964578,0.170909995,0.223656207,0.355548724,0.3734106,0.394412132,0.408138601,0.491345175,0.367701809,0.501059225,0.48933125,0.473991062,0.473469276,0.412954488,0.46741588,0.439518416
NA,2017,"Tottori","Jul",132,"GmWMC132","D1",45,NA,0.03937162,0.121649909,0.197894792,0.31989699,0.338736216,0.388383767,0.381951218,0.458737586,0.314285354,0.442586773,0.41411875,0.404464728,0.391434947,0.287185856,0.315059794,0.267242825
NA,2017,"Tottori","Jul",126,"GmJMC126","D1",46,NA,0.050247478,0.128823997,0.208286159,0.30724272,0.322020632,0.351182946,0.374653889,0.460227526,0.388454266,0.461451433,0.486575,0.470012836,0.471565447,0.428931448,0.480136943,0.460677949
NA,2017,"Tottori","Jul",75,"GmWMC075","D1",47,NA,0.065906399,0.131759122,0.227078663,0.36181355,0.375962183,0.422918038,0.442944442,0.546045224,0.386486183,0.490947448,0.46653125,0.454779141,0.428616177,0.37280239,0.420135202,0.376152185
NA,2017,"Tottori","Jul",47,"GmJMC047","D1",48,NA,0.038785496,0.061840043,0.127771661,0.215281186,0.207269973,0.277312979,0.29811839,0.396224262,0.315686712,0.37500173,0.35810625,0.358102077,0.325064801,0.239115178,0.310320149,0.299232788
NA,2017,"Tottori","Jul",65,"GmJMC065","D1",49,NA,0.033003852,0.026183933,0.063898231,0.082717233,0.060146783,0.088102472,0.080159954,0.169040477,0.131964609,0.153075525,0.168275,0.159411305,0.133136137,0.127865608,0.160489462,0.141564881
NA,2017,"Tottori","Jul",128,"GmJMC128","D1",50,NA,0.03039162,0.04503303,0.081419713,0.114483188,0.086536666,0.131634303,0.164649888,0.223555175,0.203938747,0.233316943,0.1659625,0.19494189,0.174747071,0.154607045,0.185280341,0.182621981
NA,2017,"Tottori","Jul",70,"GmWMC070","D1",51,NA,0.05312021,0.155484218,0.216550893,0.291886532,0.270581805,0.302784253,0.231736901,0.198475705,0.159043784,0.106673258,0.172875,0.164677382,0.073910066,0.132748566,0.087542338,0.085675363
NA,2017,"Tottori","Jul",115,"GmWMC115","D1",52,NA,0.049523868,0.129913506,0.18974786,0.286777243,0.265690366,0.317744742,0.323537998,0.329661723,0.268298156,0.313971358,0.3064125,0.30618226,0.308222505,0.361169166,0.34788998,0.325682204
NA,2017,"Tottori","Jul",87,"GmWMC087","D1",53,NA,0.03456685,0.109540286,0.199711421,0.28925825,0.255245162,0.301794522,0.27843981,0.251272338,0.173582869,0.162867563,0.2191125,0.228311355,0.193314124,0.248222045,0.250159213,0.205112628
NA,2017,"Tottori","Jul",17,"GmJMC017","D1",54,NA,0.05427075,0.141409907,0.192754909,0.2885502,0.284783807,0.312771545,0.304440437,0.374844691,0.329174779,0.36732797,0.338775,0.323383015,0.378994079,0.37046576,0.391842051,0.374769209
NA,2017,"Tottori","Jul",6,"GmWMC006","D1",55,NA,0.046166318,0.099407259,0.131727325,0.233192019,0.193181978,0.235515223,0.152137216,0.16234644,0.123659504,0.11611891,0.13829375,0.136600457,0.089762748,0.16775808,0.169143838,0.149361408
NA,2017,"Tottori","Jul",91,"GmJMC091","D1",56,NA,0.108346125,0.194855374,0.26533328,0.355628025,0.369148913,0.403303358,0.437860521,0.519960579,0.482262792,0.532820065,0.53969375,0.512009141,0.558378201,0.504312742,0.541542488,0.516498318
NA,2017,"Tottori","Jul",134,"GmWMC134","D1",57,NA,0.022258244,0.079813962,0.128825678,0.21600623,0.217693461,0.249322388,0.255800796,0.292577185,0.174829665,0.229586643,0.21851875,0.232148446,0.240891019,0.213771725,0.260311461,0.244173056
NA,2017,"Tottori","Jul",185,"GmWMC185","D1",58,NA,0.069090283,0.1443748,0.19651837,0.301651958,0.28803029,0.3230942,0.244235739,0.27141861,0.2292044,0.227881363,0.27895625,0.300219332,0.324018637,0.316243952,0.348635298,0.317444854
NA,2017,"Tottori","Jul",4,"GmJMC004","D1",59,NA,0.060262241,0.136920893,0.186802813,0.270361812,0.243301582,0.277124848,0.207645338,0.20434279,0.157796987,0.139419963,0.132125,0.155433079,0.114823557,0.141655722,0.153246126,0.131659315
NA,2017,"Tottori","Jul",101,"GmJMC101","D1",60,NA,0.083533538,0.164241963,0.248295405,0.33240965,0.335712318,0.368556417,0.299107507,0.334530761,0.307958637,0.343120988,0.33000625,0.359239973,0.383480331,0.33885135,0.395264726,0.3781575
NA,2017,"Tottori","Jul",38,"GmWMC038","D1",61,NA,0.064509832,0.149727086,0.218497724,0.335955564,0.317655797,0.362495333,0.271087145,0.317735073,0.209255663,0.202515323,0.14218125,0.261918984,0.167734945,0.13040195,0.17030885,0.141953843
NA,2017,"Tottori","Jul",1137,"Nagoyadai4","D1",62,NA,0.045609138,0.112654019,0.178482279,0.276943845,0.253562203,0.28670316,0.255745461,0.310542013,0.253058392,0.253633755,0.2274,0.299337242,0.254792747,0.257977976,0.294871075,0.270302659
NA,2017,"Tottori","Jul",225,"UA-4805","D1",63,NA,0.053793167,0.128377477,0.191322686,0.311547664,0.306417974,0.331870911,0.324928294,0.366040499,0.351812886,0.323083948,0.31786875,0.35469721,0.31527233,0.351772717,0.388788417,0.343081771
NA,2017,"Tottori","Jul",44,"GmJMC044","D1",64,NA,0.080465432,0.141213438,0.223705808,0.352178406,0.343491932,0.359657012,0.341162259,0.360544118,0.298932245,0.261200935,0.27544375,0.313680025,0.252653294,0.330034066,0.361667514,0.305317883
NA,2017,"Tottori","Jul",172,"GmJMC172","D1",65,NA,0.0344366,0.097972442,0.180850717,0.294854678,0.307156304,0.349219842,0.361912959,0.471427028,0.368247926,0.42077784,0.46271875,0.524728878,0.558689222,0.56926907,0.640105406,0.61595158
NA,2017,"Tottori","Jul",178,"GmWMC178","D1",66,NA,0.072013667,0.133926232,0.208992971,0.290697008,0.2867925,0.320542165,0.352014875,0.403210584,0.3619006,0.368780123,0.39268125,0.412950434,0.394007945,0.48695777,0.513126323,0.455889395
NA,2017,"Tottori","Jul",114,"GmJMC114","D1",67,NA,0.074220678,0.156240325,0.255977329,0.368367261,0.350424637,0.404244012,0.362251887,0.462993539,0.461417598,0.431302615,0.4869875,0.498230895,0.528868839,0.494966221,0.554089885,0.507120012
NA,2017,"Tottori","Jul",133,"GmJMC133","D1",68,NA,0.070327656,0.159717227,0.229595903,0.32263856,0.333502756,0.359509779,0.369030449,0.405555992,0.403446731,0.398569233,0.4198125,0.455740619,0.486626437,0.535927152,0.53704887,0.517734353
NA,2017,"Tottori","Jul",85,"GmJMC085","D1",69,NA,0.088866544,0.207042394,0.290499485,0.368650481,0.396043684,0.420186052,0.430715363,0.482548112,0.497038872,0.499140785,0.5174375,0.484099813,0.512394113,0.50561087,0.537634994,0.484949178
NA,2017,"Tottori","Jul",94,"GmWMC094","D1",70,NA,0.055703498,0.141528979,0.181904734,0.29700715,0.287519973,0.304011193,0.303430569,0.309964572,0.247576611,0.267649025,0.2961625,0.372409577,0.346591273,0.330413518,0.374779327,0.329796558
NA,2017,"Tottori","Jul",7,"GmJMC007","D1",71,NA,0.064589429,0.160133979,0.227233665,0.311275773,0.290739311,0.310783902,0.238224953,0.274148978,0.131470012,0.170567968,0.15545,0.214753631,0.178422782,0.21609837,0.232401824,0.169215757
NA,2017,"Tottori","Jul",107,"GmWMC107","D1",72,NA,0.071282821,0.164051448,0.247216587,0.349380192,0.354577746,0.380220526,0.363448511,0.349979088,0.314141097,0.287672743,0.2679375,0.31461504,0.264717166,0.311311066,0.356486467,0.261010789
NA,2017,"Tottori","Jul",83,"GmWMC083","D1",73,NA,0.06397436,0.157877565,0.245170554,0.343189003,0.358573416,0.373668667,0.373941448,0.443182326,0.441602814,0.441894003,0.40275,0.452044662,0.460934159,0.42030389,0.454311302,0.398841635
NA,2017,"Tottori","Jul",14,"GmWMC014","D1",74,NA,0.080291766,0.148214872,0.238362845,0.316554994,0.330712301,0.331020232,0.348272832,0.39494106,0.348639224,0.357722448,0.3574875,0.34626443,0.352076564,0.360969454,0.372094734,0.328612385
NA,2017,"Tottori","Jul",145,"GmJMC145","D1",75,NA,0.061904836,0.149536571,0.2046033,0.263479566,0.287650267,0.321171994,0.298471152,0.347462586,0.299942047,0.303579808,0.36336875,0.381283403,0.393904271,0.384884966,0.431474171,0.369842357
NA,2017,"Tottori","Jul",57,"GmJMC057","D1",76,NA,0.051492088,0.124078978,0.219161135,0.28690186,0.295326731,0.31266521,0.297087772,0.380790194,0.287463782,0.322924078,0.35255,0.396164261,0.391076801,0.350594416,0.405489336,0.382107625
NA,2017,"Tottori","Jul",48,"GmWMC048","D1",77,NA,0.057469106,0.138808184,0.202823871,0.302229726,0.302085712,0.330545816,0.323316657,0.368214814,0.379881255,0.366755103,0.3437,0.377058191,0.339305825,0.371404406,0.371841471,0.295464179
NA,2017,"Tottori","Jul",148,"GmWMC148","D1",78,NA,0.063062612,0.110111832,0.179052688,0.263564532,0.261786987,0.289435146,0.269973524,0.331080374,0.312451224,0.32895917,0.3529125,0.348319699,0.387561313,0.388479782,0.415844195,0.381753238
NA,2017,"Tottori","Jul",50,"GmJMC050","D1",79,NA,0.04009523,0.106807584,0.163881043,0.271262452,0.245174553,0.253085004,0.243945229,0.253738938,0.179755025,0.15208966,0.21829375,0.205712209,0.159346784,0.18648108,0.212140744,0.139680576
NA,2017,"Tottori","Jul",154,"GmWMC154","D1",80,NA,0.048206898,0.12910977,0.218330321,0.307457968,0.325082532,0.343723151,0.364638217,0.417696509,0.420345455,0.418366468,0.45638125,0.434949758,0.464986866,0.45168863,0.492431077,0.477187225
NA,2017,"Tottori","Jul",120,"GmWMC120","D1",81,NA,0.047107011,0.105348952,0.20335708,0.30120447,0.308111791,0.330807563,0.359450542,0.407744564,0.382550017,0.37755965,0.4182375,0.4498659,0.439812959,0.447175139,0.506541472,0.455759741
NA,2017,"Tottori","Jul",167,"GmJMC167","D1",82,NA,0.086218132,0.166706754,0.293122128,0.426149805,0.454355499,0.474457698,0.481935008,0.602106894,0.5481266,0.5691372,0.60513125,0.61276146,0.66162798,0.700729494,0.736027148,0.695680146
NA,2017,"Tottori","Jul",130,"GmJMC130","D1",83,NA,0.063887527,0.134372752,0.201162245,0.304070656,0.275798978,0.308469075,0.284588934,0.338829488,0.240817121,0.244268038,0.2844625,0.37008086,0.298222686,0.327228112,0.380799763,0.343142276
NA,2017,"Tottori","Jul",158,"GmJMC158","D1",84,NA,0.059256423,0.149512757,0.230978525,0.342237384,0.343823095,0.376286139,0.358731185,0.432767003,0.364528146,0.37004576,0.44225,0.464737937,0.487399279,0.488445624,0.561441763,0.501251008
NA,2017,"Tottori","Jul",8,"GmJMC008","D1",85,NA,0.04788851,0.133408269,0.182444143,0.269682084,0.263149641,0.278139118,0.197982429,0.180988513,0.018598901,0.003104143,0.00109375,0.001693613,0.000725717,0.002426501,0.002047816,0.00172872
NA,2017,"Tottori","Jul",30,"GmJMC030","D1",86,NA,0.037323804,0.103628362,0.172139576,0.24786848,0.238442717,0.269894082,0.205992199,0.242632112,0.123937715,0.112428578,0.12186875,0.133433754,0.12019575,0.106825949,0.107955376,0.055811725
NA,2017,"Tottori","Jul",61,"GmJMC061","D1",87,NA,0.076138244,0.140606171,0.208248959,0.31092458,0.319045595,0.348058339,0.355210483,0.379036484,0.320900586,0.359534308,0.35781875,0.423570797,0.408701364,0.40500595,0.444976733,0.41501381
NA,2017,"Tottori","Jul",222,"C1322","D1",88,NA,0.070646044,0.173601022,0.256832942,0.396247438,0.390489919,0.4114257,0.409425145,0.457440126,0.410824467,0.40548361,0.43446875,0.482908991,0.469020724,0.467835346,0.508487983,0.455197907
NA,2017,"Tottori","Jul",63,"GmJMC063","D1",89,NA,0.064625609,0.154912672,0.204838904,0.342124096,0.356032691,0.399933362,0.388785115,0.411522881,0.358922715,0.36658191,0.38293125,0.408919282,0.441952411,0.356416021,0.415164001,0.342329778
NA,2017,"Tottori","Jul",26,"GmJMC026","D1",90,NA,0.048177954,0.108855622,0.184576977,0.291608976,0.299919581,0.321196533,0.301217161,0.329725883,0.231162179,0.254286558,0.24415,0.33440914,0.297195372,0.212313827,0.225259793,0.150787602
NA,2017,"Tottori","Jul",151,"GmWMC151","D1",91,NA,0.034798405,0.112856442,0.183603561,0.302314692,0.293513479,0.334643795,0.369998815,0.4020058,0.349824195,0.355151205,0.405725,0.453156096,0.48776685,0.465179176,0.527989273,0.487464466
NA,2017,"Tottori","Jul",66,"GmWMC066","D1",92,NA,0.053988542,0.147976728,0.249355622,0.394168603,0.401168566,0.444504003,0.47668508,0.5517127,0.510155991,0.544543865,0.5183625,0.546578248,0.563420522,0.471719744,0.512894768,0.401815033
NA,2017,"Tottori","Jul",143,"GmWMC143","D1",93,NA,0.050450089,0.129437218,0.217226704,0.358352602,0.363584291,0.398215646,0.441865406,0.452050678,0.427929273,0.474907158,0.47190625,0.538851139,0.522535306,0.566892498,0.60204352,0.521070782
NA,2017,"Tottori","Jul",181,"GmWMC181","D1",94,NA,0.035008252,0.096906747,0.148033588,0.279515482,0.258649083,0.281312803,0.31451836,0.269023299,0.273048346,0.25595187,0.326875,0.353206478,0.36003118,0.412604992,0.457791867,0.397424084
NA,2017,"Tottori","Jul",165,"GmWMC165","D1",95,NA,0.022055633,0.063096253,0.107801139,0.21935389,0.191509876,0.223352158,0.249824594,0.213018661,0.164051576,0.182051963,0.2216375,0.240237212,0.200816344,0.337403438,0.368462212,0.294029341
NA,2017,"Tottori","Jul",176,"GmWMC176","D1",96,NA,0.024689573,0.078754221,0.162114015,0.276581323,0.278301701,0.309826889,0.382124141,0.397493206,0.418212507,0.42434827,0.463925,0.467560625,0.50702192,0.472528578,0.539147339,0.505227064
NA,2017,"Tottori","Jul",177,"GmJMC177","D1",97,NA,0.033466963,0.089881499,0.186864814,0.308313292,0.299061814,0.345506304,0.342545639,0.411030987,0.373039332,0.430116913,0.4242625,0.483438245,0.521884988,0.505830554,0.599894398,0.557797439
NA,2017,"Tottori","Jul",110,"GmJMC110","D1",98,NA,0.088569864,0.15791924,0.183578761,0.300955236,0.284354924,0.328942614,0.396967808,0.409776301,0.447847098,0.46420919,0.4602125,0.489798114,0.511706096,0.445867026,0.508285372,0.503472413
NA,2017,"Tottori","Jul",54,"GmJMC054","D1",99,NA,0.022482563,0.03132189,0.039221833,0.069689113,0.059761331,0.078417825,0.107571629,0.128655258,0.134489113,0.15363507,0.15844375,0.15446278,0.158715316,0.132588797,0.165475135,0.163277604
NA,2017,"Tottori","Jul",10,"GmWMC010","D1",100,NA,0.037179082,0.047152512,0.088890834,0.13254696,0.095309768,0.150725489,0.134153276,0.149956412,0.132603463,0.115546043,0.084725,0.112642893,0.075757346,0.067263002,0.079821419,0.034436102
NA,2017,"Tottori","Jul",5,"GmJMC005","D1",101,NA,0.068127882,0.101610091,0.167328299,0.24121281,0.260212606,0.279881373,0.244699171,0.29552855,0.180136276,0.1843834,0.17084375,0.306517454,0.215057368,0.116192442,0.15656026,0.163969092
NA,2017,"Tottori","Jul",147,"GmWMC147","D1",102,NA,0.03775797,0.151019018,0.229577303,0.349640754,0.36536497,0.398591908,0.397486575,0.437293855,0.3206842,0.445650948,0.43520625,0.543093992,0.472432537,0.381619675,0.44765409,0.41261089
NA,2017,"Tottori","Jul",182,"GmWMC182","D1",103,NA,0.033821531,0.078033835,0.186375006,0.283299302,0.267302749,0.325809827,0.302061023,0.361706128,0.237612546,0.33476778,0.33985,0.390042556,0.375657664,0.354388944,0.436365774,0.415843596
NA,2017,"Tottori","Jul",183,"GmWMC183","D1",104,NA,0.023408784,0.085827098,0.174749819,0.277923786,0.298763225,0.351428334,0.324430278,0.468632499,0.332966687,0.447409518,0.45776875,0.534775883,0.500452765,0.451868371,0.548445727,0.495174557
NA,2017,"Tottori","Jul",93,"GmJMC093","D1",105,NA,0.074097664,0.181709826,0.266126892,0.392554249,0.404382474,0.4560127,0.453707139,0.520031868,0.427311027,0.476119505,0.49888125,0.592411644,0.55179962,0.486837942,0.57612381,0.541547471
NA,2017,"Tottori","Jul",155,"GmWMC155","D1",106,NA,0.050565867,0.135039555,0.226241649,0.351515671,0.367237941,0.410558663,0.465611124,0.469259843,0.32583625,0.442640063,0.550075,0.571770738,0.538774409,0.509275586,0.592947742,0.565343302
NA,2017,"Tottori","Jul",58,"GmJMC058","D1",107,NA,0.040167591,0.105098901,0.223854611,0.31357552,0.340223734,0.391001239,0.385416585,0.445292481,0.406589482,0.460612115,0.4360875,0.552752878,0.518727646,0.439516184,0.515608306,0.462588185
NA,2017,"Tottori","Jul",108,"GmWMC108","D1",108,NA,0.033589976,0.088226398,0.170242346,0.26424426,0.25284016,0.286163306,0.279996112,0.327423248,0.217838978,0.312559173,0.27075625,0.326646748,0.247921995,0.154387362,0.243588834,0.189960397
NA,2017,"Tottori","Jul",224,"5002T","D1",109,NA,0.057049412,0.129216934,0.198173796,0.29718841,0.298779512,0.325286333,0.314739701,0.363794896,0.295583413,0.359201245,0.29826875,0.357890376,0.330248496,0.274993438,0.351696168,0.32620082
NA,2017,"Tottori","Jul",146,"GmWMC146","D1",110,NA,0.063800694,0.164801602,0.221101766,0.337836145,0.357873088,0.388293792,0.374646972,0.491223983,0.395790785,0.506215033,0.473875,0.553529117,0.562157585,0.486817971,0.590719024,0.594973562
NA,2017,"Tottori","Jul",141,"GmWMC141","D1",111,NA,0.033336713,0.099407259,0.165982877,0.284137633,0.290337572,0.325122741,0.291526584,0.302835672,0.121650205,0.186168615,0.26625,0.341157128,0.340474513,0.289352731,0.403991463,0.376947396
NA,2017,"Tottori","Jul",127,"GmWMC127","D1",112,NA,0.073837164,0.160378077,0.237104224,0.393047052,0.394952475,0.413298829,0.465493536,0.531573557,0.397635219,0.535977498,0.50309375,0.579374354,0.569574982,0.491601074,0.563634301,0.553449708
NA,2017,"Tottori","Jul",23,"GmJMC023","D1",113,NA,0.075711314,0.15047724,0.246019968,0.359695064,0.373671187,0.391688326,0.391309784,0.404686266,0.289555514,0.367288003,0.3817125,0.427196187,0.318712418,0.241411866,0.344206805,0.27119295
NA,2017,"Tottori","Jul",156,"GmWMC156","D1",114,NA,0.055414054,0.120066251,0.183014552,0.284471832,0.277096485,0.328664508,0.360038479,0.427726871,0.392998374,0.443732508,0.4731875,0.498054477,0.462046298,0.409649254,0.475730158,0.449873449
NA,2017,"Tottori","Jul",88,"GmJMC088","D1",115,NA,0.071413071,0.10680163,0.15312387,0.248536879,0.260299468,0.29670681,0.275991227,0.357243437,0.266402201,0.365769238,0.34200625,0.347852192,0.367043306,0.327138242,0.412139312,0.395617572
NA,2017,"Tottori","Jul",138,"GmWMC138","D1",116,NA,0.033915601,0.114041208,0.171048359,0.272837155,0.280874999,0.295512589,0.295137206,0.319474525,0.21118253,0.261160968,0.2945,0.325808762,0.299052077,0.28599757,0.349887143,0.326641644
NA,2017,"Tottori","Jul",142,"GmWMC142","D1",117,NA,0.038069122,0.16395619,0.261055211,0.365484081,0.387514882,0.430345115,0.376929549,0.426857145,0.324744016,0.397290273,0.43088125,0.468769089,0.467258267,0.401401149,0.467386935,0.447634757
NA,2017,"Tottori","Jul",170,"GmWMC170","D1",118,NA,0.040543868,0.097496154,0.16183501,0.271268116,0.282134504,0.311372833,0.317859223,0.349594127,0.228307944,0.336965993,0.3612375,0.391339229,0.380473788,0.320098394,0.381812817,0.354136936
NA,2017,"Tottori","Jul",16,"GmJMC016","D1",119,NA,0.065913635,0.154668574,0.240917286,0.33627277,0.3627971,0.383165182,0.346515939,0.373525844,0.251636426,0.272804833,0.27031875,0.341210054,0.275989347,0.165241709,0.242250156,0.16120314
NA,2017,"Tottori","Jul",180,"GmJMC180","D1",120,NA,0.061369364,0.151644146,0.205768919,0.328331282,0.339023947,0.362986109,0.372426647,0.420683518,0.35463621,0.446983198,0.43683125,0.445076151,0.436419995,0.388909163,0.458747032,0.415532426
NA,2017,"Tottori","Jul",119,"GmWMC119","D1",121,NA,0.065870218,0.173857027,0.226588855,0.341274436,0.351320406,0.387214084,0.353716432,0.350670591,0.200157143,0.249144073,0.2788,0.340821934,0.272869705,0.161716792,0.209651525,0.169786235
NA,2017,"Tottori","Jul",51,"GmJMC051","D1",122,NA,0.059914908,0.174625042,0.246522176,0.329061989,0.374925263,0.41552368,0.347352884,0.445577637,0.289864637,0.389536578,0.34296875,0.441847702,0.399106815,0.284859211,0.357615298,0.296086518
NA,2017,"Tottori","Jul",104,"GmJMC104","D1",123,NA,0.072809638,0.126686654,0.18846444,0.287196409,0.31013677,0.347952004,0.358143248,0.440002837,0.354883508,0.475413413,0.46241875,0.497198849,0.478313675,0.392503979,0.47971725,0.424443978
NA,2017,"Tottori","Jul",67,"GmJMC067","D1",124,NA,0.049712007,0.089893406,0.132359735,0.218492901,0.23122228,0.259309679,0.281891343,0.347541004,0.226556247,0.333662013,0.31391875,0.356320256,0.34591268,0.288963293,0.347738022,0.326996032
NA,2017,"Tottori","Jul",161,"GmJMC161","D1",125,NA,0.061991669,0.106331296,0.196065762,0.29766422,0.325196539,0.366740546,0.332474632,0.38236568,0.269060659,0.39482561,0.4056875,0.485749321,0.48628714,0.453236398,0.545066469,0.513611356
NA,2017,"Tottori","Jul",190,"GmWMC190","D1",126,NA,0.03111523,0.084957872,0.147146973,0.22606054,0.24553286,0.268732578,0.303513572,0.369063153,0.317067461,0.392227723,0.38065625,0.422053602,0.411839855,0.383596824,0.43834123,0.430555003
NA,2017,"Tottori","Jul",123,"GmWMC123","D1",127,NA,0.06278764,0.155121048,0.223153999,0.334278902,0.350370348,0.381251156,0.391918471,0.425588201,0.344033291,0.436938033,0.4307375,0.4784809,0.43587335,0.383077573,0.435996733,0.39532369
NA,2017,"Tottori","Jul",22,"GmWMC022","D1",128,NA,0.048163482,0.120078158,0.189766461,0.28784215,0.322688387,0.338210101,0.316040078,0.371843424,0.286526109,0.394945513,0.34860625,0.378840013,0.38922952,0.300346877,0.361566209,0.303450865
NA,2017,"Tottori","Jul",62,"GmJMC062","D1",129,NA,0.068764658,0.170445614,0.259877192,0.375374124,0.404936222,0.417732172,0.40622262,0.45670585,0.357335884,0.47236256,0.45770625,0.442385777,0.463865303,0.419964379,0.47715567,0.428342242
NA,2017,"Tottori","Jul",102,"GmJMC102","D1",130,NA,0.018046833,0.049849493,0.093057301,0.159180969,0.169767132,0.205937789,0.216415967,0.23823358,0.155097313,0.216344078,0.24230625,0.244330109,0.189035219,0.182786408,0.235925804,0.206564753
NA,2017,"Tottori","Jul",42,"GmWMC042","D1",131,NA,0.039111121,0.105884776,0.16861172,0.253600852,0.270522087,0.287602916,0.25820096,0.300333428,0.104174451,0.162521178,0.17326875,0.231442774,0.103881248,0.019651661,0.067397035,0.049648838
NA,2017,"Tottori","Jul",27,"GmWMC027","D1",132,NA,0.064191443,0.158443157,0.255487521,0.38296442,0.408361858,0.430631401,0.407308573,0.42384875,0.245392142,0.36375754,0.44686875,0.48073905,0.416929301,0.319609099,0.440077894,0.406266487
NA,2017,"Tottori","Jul",11,"GmWMC011","D1",133,NA,0.053568848,0.191676152,0.264186261,0.406913503,0.424328253,0.443980508,0.452911695,0.490347129,0.409979531,0.540373923,0.48685,0.484893694,0.497078651,0.38011185,0.515926694,0.444341545
NA,2017,"Tottori","Jul",99,"GmJMC099","D1",134,NA,0.070588156,0.206435126,0.298981222,0.427582898,0.459002637,0.472887215,0.440765619,0.473644116,0.364837269,0.448128933,0.48615,0.501018299,0.512167916,0.478599822,0.550363294,0.500360717
NA,2017,"Tottori","Jul",45,"GmWMC045","D1",135,NA,0.063077084,0.144648666,0.243794132,0.374620758,0.383274911,0.39691509,0.364679719,0.449355954,0.285835734,0.412491245,0.4183375,0.398519441,0.382321069,0.276131797,0.383556717,0.34876926
NA,2017,"Tottori","Jul",69,"GmJMC069","D1",136,NA,0.054552958,0.159806531,0.266852304,0.369063982,0.38861152,0.41900001,0.420319262,0.477565011,0.304465547,0.398369395,0.4175875,0.448207571,0.377740567,0.293946107,0.409664565,0.333755327
NA,2017,"Tottori","Jul",82,"GmJMC082","D1",137,NA,0.091413651,0.194379086,0.294194745,0.435484736,0.464485826,0.480077083,0.498438731,0.567631534,0.451577183,0.55714695,0.538025,0.502385539,0.489774353,0.446066738,0.501809063,0.506713763
NA,2017,"Tottori","Jul",24,"GmWMC024","D1",138,NA,0.051224352,0.128937115,0.201577651,0.297817159,0.304664439,0.314023024,0.282576116,0.294345152,0.198333317,0.284395408,0.28605,0.346943639,0.280032629,0.137591582,0.224521711,0.190582736
NA,2017,"Tottori","Jul",97,"GmJMC097","D1",139,NA,0.073279985,0.162062946,0.268681334,0.372706191,0.407552952,0.437445008,0.487233353,0.565122161,0.466126572,0.564461003,0.57609375,0.568515826,0.580159144,0.508956046,0.546188064,0.525548167
NA,2017,"Tottori","Jul",150,"GmWMC150","D1",140,NA,0.029856149,0.069174878,0.125769029,0.214074669,0.222101728,0.245715184,0.284907111,0.323445322,0.163680629,0.294080865,0.3033875,0.316890833,0.342444317,0.317232526,0.3942372,0.363057131
NA,2017,"Tottori","Jul",149,"GmJMC149","D1",141,NA,0.036252861,0.09123892,0.185246588,0.30672726,0.322558094,0.357260389,0.381792129,0.461724595,0.351400722,0.465714633,0.47509375,0.45447041,0.488615091,0.456901114,0.49925472,0.475026325
NA,2017,"Tottori","Jul",206,"C1290","D1",142,NA,0.037750734,0.091030544,0.150402026,0.238544877,0.243317869,0.259964047,0.299384183,0.342607805,0.248617325,0.31984658,0.34433125,0.351018895,0.353622248,0.351183566,0.382348288,0.367275208
NA,2017,"Tottori","Jul",1,"GmWMC001","D1",143,NA,0.043684336,0.113017189,0.115247459,0.14973275,0.141667146,0.153743762,0.117829392,0.113499217,0.010201059,0.013655563,0.01996875,0.013204887,0.009302376,7.99e-05,0,3.46e-05
NA,2017,"Tottori","Jul",71,"GmWMC071","D1",144,NA,0.0434166,0.140487099,0.226216849,0.336578648,0.346488685,0.369750638,0.370628253,0.404301306,0.337242889,0.392067853,0.3872625,0.414114792,0.373310864,0.371024954,0.420243744,0.405661435
NA,2017,"Tottori","Jul",96,"GmJMC096","D1",145,NA,0.0361805,0.150298632,0.228889092,0.333593509,0.349892605,0.369137168,0.372855495,0.452278803,0.297675145,0.419592138,0.4118125,0.43271807,0.434619839,0.419375229,0.482597217,0.444600853
NA,2017,"Tottori","Jul",125,"GmWMC125","D1",146,NA,0.058959743,0.151019018,0.221758977,0.34005659,0.344013106,0.374396651,0.410075333,0.488907091,0.310761352,0.424548108,0.51436875,0.495081833,0.49528792,0.484331557,0.513227629,0.475432574
NA,2017,"Tottori","Jul",64,"GmJMC064","D1",147,NA,0.029950218,0.061792414,0.129389887,0.215434125,0.202242812,0.24640227,0.215440684,0.302415067,0.165679624,0.265890455,0.21534375,0.2238568,0.21913835,0.221580464,0.26688184,0.225027482
NA,2017,"Tottori","Jul",76,"GmJMC076","D1",148,NA,0.062650154,0.090893611,0.171407965,0.223200018,0.200983307,0.248839791,0.268825319,0.336305858,0.192923664,0.31856762,0.3396125,0.335467648,0.3346028,0.302244141,0.37176911,0.327912253
NA,2017,"Tottori","Jul",36,"GmWMC036","D1",149,NA,0.023633103,0.034161757,0.069732525,0.112885828,0.109544344,0.13434993,0.170411665,0.200521699,0.139435081,0.18997885,0.1329625,0.161510679,0.059348595,0.007349402,0.007930766,0.002446139
NA,2017,"Tottori","Jul",129,"GmWMC129","D1",150,NA,0.034943127,0.055338712,0.11905432,0.167184766,0.170787765,0.211074578,0.227828852,0.259406413,0.234737702,0.262733023,0.26123125,0.287764221,0.297261346,0.268852294,0.300102775,0.287598503
NA,2017,"Tottori","Jul",169,"GmWMC169","D1",151,NA,0.039045996,0.108426963,0.160694192,0.277436648,0.283117135,0.3124689,0.393633862,0.412577959,0.332029014,0.363464445,0.42895,0.374650086,0.398824068,0.310432333,0.383093606,0.373809769
NA,2017,"Tottori","Jul",81,"GmJMC081","D1",152,NA,0.045695972,0.096388784,0.164488653,0.260341488,0.254870568,0.303332286,0.331160421,0.3266961,0.336665859,0.324869163,0.34804375,0.306138155,0.3016345,0.319469301,0.328200552,0.326114384
NA,2017,"Tottori","Jul",43,"GmJMC043","D1",153,NA,0.031368494,0.065310992,0.178848085,0.29775485,0.288280019,0.328836279,0.326906528,0.356751543,0.251203654,0.240364545,0.30185625,0.310822053,0.229458615,0.186650835,0.268929657,0.229833324
NA,2017,"Tottori","Jul",121,"GmJMC121","D1",154,NA,0.025941419,0.068394957,0.149527812,0.248072398,0.241862924,0.275709777,0.277824205,0.328071978,0.289926462,0.31089386,0.35273125,0.332186273,0.359757858,0.358512997,0.413803615,0.396732596
NA,2017,"Tottori","Jul",9,"GmJMC009","D1",155,NA,0.027164319,0.072592245,0.122712379,0.211520025,0.191298149,0.233920201,0.18280675,0.234726161,0.131954305,0.116478618,0.16854375,0.18396869,0.185123886,0.134775643,0.20030972,0.171964422
NA,2017,"Tottori","Jul",74,"GmWMC074","D1",156,NA,0.011179775,0.028785656,0.082882937,0.183605862,0.17861081,0.222975896,0.229205315,0.267020078,0.174829665,0.169315653,0.22466875,0.239319838,0.11971508,0.154956541,0.229000857,0.193322758
NA,2017,"Tottori","Jul",100,"GmJMC100","D1",157,NA,0.054118792,0.12264416,0.25045924,0.379027662,0.393280374,0.457730416,0.518636079,0.537946794,0.518821739,0.525252885,0.58498125,0.544725859,0.567633452,0.50826704,0.604322892,0.593728884
NA,2017,"Tottori","Jul",25,"GmJMC025","D1",158,NA,0.049437035,0.167564072,0.248128002,0.366095836,0.371173893,0.41553186,0.380201242,0.422116427,0.377634961,0.360906525,0.37586875,0.424100051,0.300663735,0.183784968,0.29348898,0.26048353
NA,2017,"Tottori","Jul",164,"GmWMC164","D1",159,NA,0.059256423,0.161509261,0.219911347,0.325272506,0.328681893,0.347575743,0.379225959,0.402818495,0.365723421,0.407015698,0.41188125,0.430839219,0.429266495,0.381619675,0.447769868,0.426068975
NA,2017,"Tottori","Jul",13,"GmJMC013","D1",160,NA,0.030760661,0.079915173,0.151009636,0.243280316,0.225000761,0.268650782,0.222592759,0.256469306,0.173531348,0.161162283,0.1735125,0.250372426,0.238261472,0.111459267,0.214123435,0.207766213
NA,2017,"Tottori","Jul",188,"GmWMC188","D1",161,NA,0.026556487,0.054790981,0.109859572,0.225125914,0.213567497,0.26480637,0.285840893,0.298693781,0.288525104,0.273710763,0.33626875,0.339772247,0.349060596,0.386073253,0.442871028,0.399740569
NA,2017,"Tottori","Jul",12,"GmWMC012","D1",162,NA,0.037649428,0.07769448,0.162281417,0.263185017,0.267726204,0.289492403,0.287514782,0.314220525,0.228606763,0.237273725,0.26395,0.31676734,0.299372524,0.231406294,0.317758859,0.27949945
NA,2017,"Tottori","Jul",86,"GmWMC086","D1",163,NA,0.05298996,0.182751706,0.255940128,0.35090958,0.364442057,0.393504197,0.278446726,0.269493807,0.042586845,0.028203733,0.05345,0.126668124,0.055663459,0.019491891,0.048532523,0.042500581
NA,2017,"Tottori","Jul",175,"GmWMC175","D1",164,NA,0.067404272,0.212942411,0.292179713,0.457247361,0.477091732,0.508337601,0.596492705,0.628013317,0.614412875,0.601244425,0.6456375,0.64568988,0.70265457,0.556347704,0.618512884,0.580841276
NA,2017,"Tottori","Jul",153,"GmWMC153","D1",165,NA,0.046137374,0.13008616,0.206395129,0.336725922,0.356141269,0.375738106,0.391752465,0.450261324,0.423076042,0.452019103,0.47275625,0.477263615,0.524457985,0.499749323,0.567563504,0.514268269
NA,2017,"Tottori","Jul",226,"Houjaku Kuwazu","D1",166,NA,0.050363256,0.126198459,0.184713379,0.260811634,0.284192057,0.304968206,0.304246763,0.343798331,0.272935001,0.278520185,0.32751875,0.331066019,0.329211757,0.306288309,0.353201277,0.298074546
NA,2017,"Tottori","Jul",68,"GmJMC068","D1",167,NA,0.040015633,0.108045933,0.165015662,0.261678287,0.270608949,0.299520593,0.294037419,0.303206375,0.264176516,0.24678599,0.3215,0.301710064,0.330088273,0.310881685,0.337455524,0.303554588
NA,2017,"Tottori","Jul",105,"GmJMC105","D1",168,NA,0.074459469,0.165176678,0.213667846,0.343409914,0.359127164,0.37932895,0.415712607,0.407045932,0.349844803,0.374295638,0.3954375,0.404376519,0.433460576,0.36996648,0.415265307,0.341828449
NA,2017,"Tottori","Jul",1135,"Nagoyadai2","D1",169,NA,0.02094851,0.071967117,0.102686056,0.167162108,0.175136314,0.190134802,0.202042649,0.251856908,0.26046704,0.22237917,0.23005625,0.24384496,0.258506157,0.179880598,0.204065256,0.183131953
NA,2017,"Tottori","Jul",32,"GmJMC032","D1",170,NA,0.020167011,0.073729382,0.161475404,0.247500294,0.241233172,0.288559929,0.294224175,0.314170623,0.329411773,0.286553653,0.31418125,0.316440967,0.299551597,0.307236941,0.307353348,0.26082063
NA,2017,"Tottori","Jul",18,"GmWMC018","D1",171,NA,0.059835311,0.119655453,0.175692234,0.286573325,0.297248562,0.332206274,0.309973957,0.332720021,0.226071954,0.241923278,0.30563125,0.285629563,0.225000638,0.242180757,0.268140922,0.234933048
NA,2017,"Tottori","Jul",52,"GmJMC052","D1",172,NA,0.024190282,0.115982082,0.20522951,0.283707138,0.28319314,0.314374746,0.265982473,0.294209703,0.106863821,0.110177075,0.17363125,0.233745029,0.189308541,0.029817002,0.044820403,0.025956731
NA,2017,"Tottori","Jul",131,"GmJMC131","D1",173,NA,0.075074538,0.137170944,0.235045791,0.407162736,0.417574701,0.43618535,0.468315631,0.468019414,0.392575906,0.398995553,0.5312,0.542397141,0.562072761,0.477910816,0.545696009,0.497007
NA,2017,"Tottori","Jul",80,"GmJMC080","D1",174,NA,0.039342676,0.1026996,0.188861246,0.305605709,0.333405036,0.360663103,0.377067887,0.396003266,0.337036807,0.368193933,0.4143125,0.426860993,0.445232276,0.411975899,0.466873172,0.430105536
NA,2017,"Tottori","Jul",92,"GmJMC092","D1",175,NA,0.029096358,0.085154341,0.179430894,0.246605318,0.257965041,0.323568617,0.322936227,0.33674072,0.256685435,0.276508488,0.32364375,0.319484177,0.278948765,0.310492246,0.36713077,0.253214262
NA,2017,"Tottori","Jul",20,"GmWMC020","D1",176,NA,0.040905673,0.106021709,0.174545215,0.292152759,0.297661158,0.31000684,0.364534464,0.371230339,0.287216483,0.312878913,0.2957625,0.371942069,0.381463403,0.20420552,0.29506645,0.180685814
NA,2017,"Tottori","Jul",41,"GmJMC041","D1",177,NA,0.066499759,0.19415285,0.237587832,0.322049462,0.34601637,0.368654572,0.303693411,0.191289774,0.098630845,0.101330935,0.14955,0.146515149,0.110459828,0.106865891,0.153644111,0.103766418
NA,2017,"Tottori","Jul",77,"GmJMC077","D1",178,NA,0.084163079,0.21328772,0.270262359,0.393488875,0.424235962,0.450098849,0.45412907,0.468283183,0.448609602,0.47603957,0.502925,0.459921726,0.475184608,0.419874509,0.48886368,0.42622456
NA,2017,"Tottori","Jul",59,"GmJMC059","D1",179,NA,0.053778695,0.14401163,0.205613916,0.298502551,0.324116188,0.345334532,0.335545736,0.343769816,0.231708297,0.259349108,0.34243125,0.325323613,0.33035217,0.329075448,0.378230947,0.283449575
NA,2017,"Tottori","Jul",166,"GmWMC166","D1",180,NA,0.02154187,0.102014936,0.202197661,0.309848344,0.333144449,0.365726275,0.358717351,0.325184774,0.094251603,0.128229063,0.2992125,0.334294468,0.317298683,0.317302426,0.394584533,0.329640973
NA,2017,"Tottori","Jul",103,"GmWMC103","D1",181,NA,0.03272888,0.110856032,0.166224681,0.257180753,0.270695812,0.293369534,0.278668067,0.216419146,0.078682108,0.07913565,0.1751875,0.172863177,0.149526039,0.053802413,0.117101806,0.068604253
NA,2017,"Tottori","Jul",168,"GmWMC168","D1",182,NA,0.024783643,0.093691803,0.154053885,0.248638838,0.245815163,0.272159831,0.290655055,0.256433662,0.208122212,0.193629215,0.3389375,0.266011881,0.269175144,0.302793349,0.384902631,0.357352355
NA,2017,"Tottori","Jul",116,"GmJMC116","D1",183,NA,0.032533506,0.108974694,0.167725105,0.274542139,0.279420054,0.333294161,0.314421523,0.29500814,0.237138557,0.167237343,0.3591625,0.351583432,0.341878823,0.334747269,0.40735625,0.297348484
NA,2017,"Tottori","Jul",73,"GmWMC073","D1",184,NA,0.059184062,0.138945117,0.212229423,0.308273641,0.324811087,0.35171462,0.349842968,0.361734644,0.291059913,0.285780948,0.3193875,0.363156453,0.355639177,0.32677876,0.403767144,0.317496715
NA,2017,"Tottori","Jul",53,"GmJMC053","D1",185,NA,0.024161338,0.094310978,0.177589464,0.264997625,0.27035922,0.298694453,0.311481841,0.30194456,0.209276271,0.157485273,0.28959375,0.298234629,0.248600587,0.188957509,0.278640503,0.204040822
NA,2017,"Tottori","Jul",112,"GmJMC112","D1",186,NA,0.031382966,0.119345866,0.201025842,0.306976494,0.321700327,0.351812776,0.354027693,0.373112368,0.371514326,0.346944545,0.4036,0.402303607,0.394997559,0.359361773,0.439267451,0.367620952
NA,2017,"Tottori","Jul",19,"GmWMC019","D1",187,NA,0.021997744,0.075158246,0.121143754,0.208704818,0.205000693,0.2273847,0.191750302,0.247943142,0.137013618,0.107605833,0.108125,0.154021735,0.09755714,0.064017682,0.09867146,0.079581625
NA,2017,"Tottori","Jul",139,"GmJMC139","D1",188,NA,0.0561449,0.109528379,0.202501466,0.330393123,0.335115139,0.348311907,0.35798416,0.356088555,0.308958134,0.316622535,0.3995125,0.415579062,0.415223394,0.395359861,0.443464389,0.446217206
NA,2017,"Tottori","Jul",162,"GmWMC162","D1",189,NA,0.010311443,0.064673957,0.147159374,0.262958441,0.253399336,0.310170432,0.323143734,0.382401325,0.346928743,0.329185653,0.41320625,0.438760387,0.455005897,0.476862328,0.511092979,0.485761676
NA,2017,"Tottori","Jul",28,"GmJMC028","D1",190,NA,0.043952071,0.116910843,0.207920354,0.325312156,0.32790556,0.370674933,0.399125881,0.42125383,0.434905149,0.415102455,0.48929375,0.449610094,0.464232874,0.439735867,0.539661102,0.471949204
NA,2017,"Tottori","Jul",144,"GmWMC144","D1",191,NA,0.027251153,0.082981277,0.154456891,0.253668825,0.257286429,0.298007367,0.305975988,0.328998735,0.36046833,0.37063195,0.40915625,0.414652867,0.427032794,0.447874131,0.482691287,0.466460518
NA,2017,"Tottori","Jul",49,"GmJMC049","D1",192,NA,0.015832587,0.056511571,0.14323471,0.248695482,0.23285095,0.27523536,0.243744639,0.20427863,0.139775117,0.156272925,0.2265125,0.21297181,0.178253134,0.229748685,0.27408176,0.196615969
NA,2017,"Tottori","Jul",136,"GmWMC136","D1",193,NA,0.012482273,0.068359235,0.12958829,0.249403532,0.229012718,0.2531668,0.29258487,0.294459215,0.190491897,0.236540988,0.3292,0.320974909,0.285913766,0.328236658,0.347947869,0.320219449
NA,2017,"Tottori","Jul",186,"GmWMC186","D1",194,NA,0.004450202,0.059887262,0.131311918,0.224474508,0.192666232,0.233912021,0.233341622,0.165989308,0.051201073,0.06725198,0.22395625,0.199978624,0.192107737,0.223198131,0.278068851,0.239298066
NA,2017,"Tottori","Jul",84,"GmWMC084","D1",195,NA,0.033409074,0.082975323,0.187119018,0.289609443,0.279479772,0.300273116,0.321331506,0.364308177,0.219786453,0.293867705,0.3139625,0.393553274,0.310625854,0.277779421,0.323005032,0.292119106
NA,2017,"Tottori","Jul",137,"GmJMC137","D1",196,NA,0.051788768,0.153346875,0.20209846,0.303294634,0.292118251,0.325122741,0.344420119,0.316451871,0.271173,0.265104428,0.40279375,0.414696972,0.427560589,0.488655322,0.521382713,0.464342836
NA,2017,"Tottori","Jul",179,"GmJMC179","D1",197,NA,0.033148574,0.07055016,0.139347248,0.234608119,0.238817311,0.292052618,0.310886987,0.324600204,0.270317759,0.324842518,0.3957,0.39389729,0.392188939,0.423659051,0.475918297,0.419672711
NA,2017,"Tottori","Jul",223,"C1329","D1",198,NA,0.018249444,0.032334002,0.079032675,0.11252897,0.088979671,0.15519973,0.156972129,0.220582424,0.137250612,0.170194938,0.24940625,0.290966207,0.269806612,0.348187886,0.390980955,0.335509978
NA,2017,"Tottori","Jul",152,"GmWMC152","D1",199,NA,0.024117921,0.03304248,0.067878695,0.095751018,0.068990461,0.106187567,0.139624543,0.204428336,0.201053599,0.19743945,0.231425,0.256776399,0.285291723,0.304860368,0.330762131,0.295576546
NA,2017,"Tottori","Jul",83,"GmWMC083","D2",1,NA,0.027931346,0.100068109,0.199252614,0.31201781,0.341944695,0.364957393,0.402245403,0.451537397,0.355182327,0.382422363,0.4187,0.453094349,0.403725016,0.282462667,0.33358421,0.31181787
NA,2017,"Tottori","Jul",89,"GmWMC089","D2",2,NA,0.026274279,0.085719933,0.184812581,0.303198339,0.341846975,0.372621678,0.374086703,0.431640637,0.23865326,0.249637005,0.3176125,0.382668284,0.274292865,0.173679541,0.243140196,0.217377896
NA,2017,"Tottori","Jul",110,"GmJMC110","D2",3,NA,0.061260823,0.145898922,0.235665801,0.361960824,0.392004582,0.409937013,0.418804461,0.487844885,0.307391911,0.370871755,0.459375,0.508621915,0.460199017,0.32986431,0.423731544,0.382721321
NA,2017,"Tottori","Jul",178,"GmWMC178","D2",4,NA,0.034024142,0.081409526,0.168159112,0.236573666,0.267145311,0.29508725,0.293304228,0.381068221,0.213974941,0.291296463,0.3742625,0.403529712,0.344310447,0.318620525,0.375560826,0.340886297
NA,2017,"Tottori","Jul",154,"GmWMC154","D2",5,NA,0.036086431,0.107331501,0.194342135,0.294520478,0.318090109,0.349023532,0.363579932,0.430257631,0.346609316,0.430303428,0.46995,0.509645139,0.495127697,0.445427659,0.52218592,0.500066834
NA,2017,"Tottori","Jul",22,"GmWMC022","D2",6,NA,0.033951781,0.093120258,0.15623012,0.270339154,0.299240968,0.3149146,0.36936246,0.41943596,0.325661081,0.401087185,0.42830625,0.485167142,0.439228615,0.366860958,0.404693365,0.394381537
NA,2017,"Tottori","Jul",6,"GmWMC006","D2",7,NA,0.016469364,0.070490624,0.124318205,0.22053775,0.241173454,0.265616151,0.237104415,0.270306501,0.116642412,0.11638536,0.20339375,0.240334241,0.155322352,0.089401077,0.166705272,0.180417863
NA,2017,"Tottori","Jul",116,"GmJMC116","D2",8,NA,0.018734263,0.091250827,0.211138205,0.371873524,0.372715701,0.409740703,0.430583942,0.489748301,0.242465777,0.326441218,0.4766,0.529209896,0.476702017,0.38828007,0.482416315,0.47129229
NA,2017,"Tottori","Jul",181,"GmWMC181","D2",9,NA,0.026788042,0.092417733,0.168940325,0.309389528,0.32228122,0.331715498,0.378485851,0.397849651,0.287092834,0.35874828,0.4322875,0.451347811,0.426995095,0.385703786,0.435721762,0.428800352
NA,2017,"Tottori","Jul",173,"GmWMC173","D2",10,NA,0.023510089,0.094733683,0.201831855,0.310516744,0.344957735,0.370985758,0.377593571,0.432795519,0.253274778,0.383341615,0.44778125,0.497939805,0.480839548,0.413783293,0.475382826,0.466486448
NA,2017,"Tottori","Jul",67,"GmJMC067","D2",11,NA,0.031961854,0.081570274,0.170031542,0.295358809,0.32523997,0.351411975,0.403649533,0.467249493,0.214428321,0.307190205,0.4173,0.464782042,0.429945088,0.325061237,0.368505629,0.358942777
NA,2017,"Tottori","Jul",155,"GmWMC155","D2",12,NA,0.015810879,0.061077982,0.163726041,0.271823227,0.283258286,0.326701404,0.411437963,0.425894744,0.186380561,0.270619943,0.47346875,0.473532375,0.440284204,0.382138926,0.423065823,0.418695984
NA,2017,"Tottori","Jul",192,"GmWMC192","D2",13,NA,0.00651249,0.074021109,0.162944828,0.257118445,0.269219151,0.288854394,0.341930035,0.345366689,0.099620039,0.131173335,0.29668125,0.355940957,0.354197167,0.309094262,0.344300874,0.331352406
NA,2017,"Tottori","Jul",170,"GmWMC170","D2",14,NA,0.018459291,0.049873307,0.119203123,0.210330501,0.220901941,0.240292109,0.285439712,0.304183034,0.08906864,0.166757733,0.29410625,0.314685608,0.30438657,0.240073795,0.285673992,0.272247469
NA,2017,"Tottori","Jul",82,"GmJMC082","D2",15,NA,0.048872619,0.149357963,0.250756844,0.393403909,0.423475916,0.458777405,0.491736255,0.506037838,0.319385884,0.365689303,0.4941375,0.517875039,0.501046534,0.327347939,0.399649803,0.390543779
NA,2017,"Tottori","Jul",86,"GmWMC086","D2",16,NA,0.026795278,0.12264416,0.231083927,0.327759177,0.369686374,0.381946422,0.276357823,0.301017803,0.009325211,0.012429893,0.06218125,0.168690892,0.060997953,0.010704563,0.014573505,0.026406198
NA,2017,"Tottori","Jul",95,"GmJMC095","D2",17,NA,0.037302096,0.131759122,0.227791674,0.355831944,0.386961134,0.408587379,0.477404438,0.533918966,0.313090079,0.44321293,0.5404,0.565146242,0.567322431,0.447894102,0.520413076,0.500542232
NA,2017,"Tottori","Jul",47,"GmJMC047","D2",18,NA,0.013531507,0.095900589,0.22382361,0.360675006,0.401782031,0.440340586,0.450075766,0.447031932,0.187091544,0.174511428,0.33406875,0.439933567,0.266677546,0.12615807,0.172139583,0.20862193
NA,2017,"Tottori","Jul",4,"GmJMC004","D2",19,NA,0.025659211,0.065382435,0.11282322,0.173840436,0.193578287,0.205144368,0.19336194,0.176589982,0.064070894,0.06682566,0.12140625,0.150378703,0.103419428,0.03004667,0.038322386,0.035689424
NA,2017,"Tottori","Jul",42,"GmWMC042","D2",20,NA,0.023046979,0.072639874,0.137264014,0.20873314,0.210103859,0.216284983,0.205099919,0.14899401,0.010242275,0.012829568,0.0199125,0.03028215,0.000226198,0,0,5.19e-05
NA,2017,"Tottori","Jul",177,"GmJMC177","D2",21,NA,0.030456745,0.129514614,0.210555396,0.341240449,0.351874154,0.386854182,0.441353555,0.404244275,0.21078067,0.272112063,0.44879375,0.484496753,0.489698954,0.399523856,0.453023277,0.459485132
NA,2017,"Tottori","Jul",180,"GmJMC180","D2",22,NA,0.032699936,0.072878018,0.116785084,0.211259462,0.227937795,0.246778532,0.282292523,0.304632155,0.186019917,0.257310765,0.27025625,0.307055529,0.287252102,0.214550602,0.251736683,0.229772819
NA,2017,"Tottori","Jul",36,"GmWMC036","D2",23,NA,0.024016616,0.051963021,0.099400003,0.164777396,0.179951748,0.19916508,0.224059142,0.256162764,0.096199078,0.15688576,0.20516875,0.234274283,0.175331415,0.001358042,0.013647285,0.039345667
NA,2017,"Tottori","Jul",189,"GmWMC189","D2",24,NA,0.02796029,0.120756869,0.172871188,0.277102448,0.306407116,0.335592629,0.392831502,0.394577486,0.090325741,0.196386973,0.38115,0.398184247,0.383499181,0.295364062,0.385915685,0.385426768
NA,2017,"Tottori","Jul",9,"GmJMC009","D2",25,NA,0.023459436,0.09295951,0.174532815,0.240323499,0.260858645,0.282318894,0.191992393,0.230876555,0.042040728,0.037009905,0.08476875,0.150687435,0.087906042,0.063807984,0.091826109,0.091267772
NA,2017,"Tottori","Jul",187,"GmWMC187","D2",26,NA,0.025811169,0.066704134,0.147456978,0.257633905,0.259121397,0.276315068,0.343424085,0.372413736,0.124514744,0.203661058,0.36725625,0.389010511,0.363235646,0.267244613,0.317028013,0.292196898
NA,2017,"Tottori","Jul",1137,"Nagoyadai4","D2",27,NA,0.029016761,0.080064013,0.146185958,0.217025822,0.224821607,0.255489806,0.241648818,0.270349275,0.121423514,0.138194293,0.19719375,0.233109924,0.233812919,0.141805506,0.214579309,0.19957208
NA,2017,"Tottori","Jul",15,"GmWMC015","D2",28,NA,0.038329622,0.10829003,0.163013029,0.263117044,0.282357089,0.311503707,0.379786228,0.424604413,0.224340865,0.335753645,0.3824625,0.426975665,0.416090485,0.178981894,0.265557634,0.240257506
NA,2017,"Tottori","Jul",10,"GmWMC010","D2",29,NA,0.032649283,0.084136275,0.138522634,0.212692556,0.247248393,0.27893254,0.235845539,0.256925556,0.044039723,0.09816018,0.1664125,0.201928043,0.177527416,0.068341446,0.1140337,0.126300283
NA,2017,"Tottori","Jul",8,"GmJMC008","D2",30,NA,0.021795133,0.03921041,0.08991385,0.165819646,0.169968001,0.204203714,0.126731442,0.111353418,0.000618246,0.001958408,0.00129375,0.00774475,0.000292172,7.99e-05,0.00085386,2.59e-05
NA,2017,"Tottori","Jul",40,"GmJMC040","D2",31,NA,0.036223917,0.105932405,0.155076901,0.240142238,0.279409196,0.312428002,0.338450834,0.358548026,0.157745467,0.222019463,0.33695,0.345726355,0.336214458,0.251117869,0.337289093,0.315137012
NA,2017,"Tottori","Jul",99,"GmJMC099","D2",32,NA,0.073902289,0.202309282,0.296916589,0.429939289,0.462270835,0.4969107,0.477093178,0.481642742,0.263991042,0.342681345,0.5129125,0.500277344,0.515853052,0.476762472,0.561535832,0.536836709
NA,2017,"Tottori","Jul",105,"GmJMC105","D2",33,NA,0.051065158,0.115297418,0.151964451,0.25693152,0.282074786,0.314652853,0.389539057,0.447131737,0.248833711,0.383781258,0.46006875,0.435646609,0.454911648,0.329265174,0.42837712,0.397977275
NA,2017,"Tottori","Jul",141,"GmWMC141","D2",34,NA,0.015528671,0.061423291,0.145776751,0.246305105,0.277867389,0.320975684,0.321151667,0.312473945,0.040309639,0.096588125,0.3127375,0.312815577,0.315979197,0.272427139,0.345313928,0.313287282
NA,2017,"Tottori","Jul",104,"GmJMC104","D2",35,NA,0.028850331,0.080546254,0.138367632,0.226813905,0.239349343,0.27482638,0.307594543,0.381339119,0.190687675,0.306870465,0.35018125,0.347419967,0.391538621,0.278777981,0.345654025,0.334533251
NA,2017,"Tottori","Jul",223,"C1329","D2",36,NA,0.015543143,0.056041237,0.148610197,0.264504822,0.279230043,0.317343941,0.328428246,0.39876215,0.149017894,0.244681035,0.35565,0.384829404,0.401566714,0.35473844,0.407862777,0.386161474
NA,2017,"Tottori","Jul",28,"GmJMC028","D2",37,NA,0.023741644,0.069841682,0.108842756,0.194458852,0.209978994,0.242132519,0.281310323,0.320814758,0.219796757,0.28515479,0.363775,0.32313603,0.327713198,0.287505395,0.329864855,0.318265996
NA,2017,"Tottori","Jul",43,"GmJMC043","D2",38,NA,0.012699356,0.054826702,0.127889463,0.222140775,0.233811865,0.276863101,0.318225818,0.385003373,0.147606233,0.204566988,0.2686,0.281951248,0.198705167,0.113795898,0.169824031,0.182561476
NA,2017,"Tottori","Jul",153,"GmWMC153","D2",39,NA,0.040319549,0.093030954,0.161748209,0.286856545,0.317031473,0.340737597,0.391634878,0.445720215,0.213810075,0.38331497,0.46590625,0.442967956,0.461245181,0.414761882,0.463428788,0.478034298
NA,2017,"Tottori","Jul",191,"GmWMC191","D2",40,NA,0.009898985,0.038180437,0.10912796,0.20906734,0.232346062,0.27545621,0.29356707,0.361100172,0.169121193,0.24651954,0.36605625,0.329028391,0.352085989,0.331591819,0.391675621,0.395194036
NA,2017,"Tottori","Jul",5,"GmJMC005","D2",41,NA,0.026115085,0.059744376,0.107559335,0.157487313,0.159875676,0.176548486,0.141319184,0.218579203,0.052252091,0.098932885,0.0931625,0.13495977,0.116981859,0.048709757,0.061955488,0.07251116
NA,2017,"Tottori","Jul",135,"GmWMC135","D2",42,NA,0.035869348,0.088006115,0.179957903,0.299856343,0.303833817,0.33107749,0.327798808,0.380376717,0.094014608,0.195187948,0.35321875,0.377763863,0.389917538,0.322894362,0.388889722,0.383931425
NA,2017,"Tottori","Jul",107,"GmWMC107","D2",43,NA,0.032410492,0.085975938,0.15001142,0.275119908,0.285663289,0.337261267,0.33763464,0.359923903,0.100444367,0.112668383,0.25193125,0.26825239,0.156066919,0.114734544,0.151509462,0.165663238
NA,2017,"Tottori","Jul",111,"GmJMC111","D2",44,NA,0.020485399,0.064906147,0.126116234,0.207311376,0.214669564,0.247727366,0.273646398,0.384668315,0.211831688,0.320126353,0.3723625,0.312427457,0.345884405,0.274044806,0.318974524,0.30845551
NA,2017,"Tottori","Jul",39,"GmJMC039","D2",45,NA,0.010962692,0.024201384,0.096442556,0.208704818,0.183371955,0.264953603,0.330434147,0.374224477,0.230306939,0.296305723,0.3080625,0.312718547,0.315743575,0.270599774,0.304864129,0.290182939
NA,2017,"Tottori","Jul",136,"GmWMC136","D2",46,NA,0.007995891,0.03848407,0.096027149,0.207877816,0.190212369,0.240758346,0.265595126,0.284756782,0.134921885,0.21294684,0.3621875,0.339560546,0.334923246,0.385993368,0.413456282,0.394260527
NA,2017,"Tottori","Jul",79,"GmJMC079","D2",47,NA,0.047070831,0.105384674,0.202371264,0.298768778,0.299338688,0.330316787,0.310720982,0.394570357,0.187988,0.346691418,0.329825,0.269002166,0.298260385,0.279766555,0.295131575,0.267908382
NA,2017,"Tottori","Jul",56,"GmJMC056","D2",48,NA,0,0,0.004898079,0.007958482,0.001970691,0.002715627,0.005761778,0.005132808,0,0.000679448,0.00590625,0.003378405,0.001734182,0.003604802,0.003372023,0.001443481
NA,2017,"Tottori","Jul",12,"GmWMC012","D2",49,NA,0.019248026,0.024207338,0.042700089,0.090267878,0.082264122,0.10532053,0.15928929,0.197777073,0.094880153,0.162920853,0.13023125,0.174001073,0.159733205,0.139988126,0.150112895,0.096263773
NA,2017,"Tottori","Jul",149,"GmJMC149","D2",50,NA,0.023097631,0.031196864,0.07623023,0.13254696,0.109870078,0.152827646,0.231176632,0.315475212,0.25428458,0.2968253,0.31193125,0.308122858,0.323669916,0.307786149,0.320479633,0.30555126
NA,2017,"Tottori","Jul",66,"GmWMC066","D2",51,NA,0.035116793,0.159240939,0.229044094,0.334805691,0.351781862,0.3758608,0.421508969,0.400587149,0.360148903,0.351207745,0.3868875,0.363835662,0.404215111,0.354528742,0.35690616,0.313996057
NA,2017,"Tottori","Jul",148,"GmWMC148","D2",52,NA,0.034060323,0.148601856,0.233439965,0.350988882,0.361108712,0.401062147,0.414301559,0.420754807,0.365826462,0.332596213,0.4431,0.421956572,0.478577572,0.494886336,0.544480345,0.540838696
NA,2017,"Tottori","Jul",74,"GmWMC074","D2",53,NA,0.018119194,0.093447706,0.162870427,0.255945914,0.275272375,0.317998309,0.314905706,0.336512596,0.279364759,0.198705088,0.2803375,0.273430258,0.268487126,0.197794765,0.236830317,0.199390565
NA,2017,"Tottori","Jul",25,"GmJMC025","D2",54,NA,0.027128139,0.111058454,0.233012158,0.338442236,0.365576697,0.40592083,0.380733844,0.412356963,0.356501252,0.289404668,0.39129375,0.330536765,0.319890531,0.353769837,0.44386961,0.360723359
NA,2017,"Tottori","Jul",17,"GmJMC017","D2",55,NA,0.034118212,0.101848235,0.180280308,0.314317556,0.337699296,0.374249418,0.375089653,0.444486915,0.392544994,0.410266388,0.39201875,0.440145268,0.473365603,0.41764772,0.483009675,0.43813544
NA,2017,"Tottori","Jul",146,"GmWMC146","D2",56,NA,0.023083159,0.129419357,0.20152805,0.306149491,0.332085813,0.360818515,0.388757448,0.459300769,0.415626178,0.432408383,0.4396375,0.48485841,0.542223922,0.526550674,0.594170643,0.567046091
NA,2017,"Tottori","Jul",162,"GmWMC162","D2",57,NA,0.012077051,0.079409117,0.165654272,0.272480298,0.299648136,0.333498651,0.358426841,0.455208781,0.3194271,0.380930243,0.43205625,0.453376618,0.464072651,0.484041974,0.55330115,0.521649904
NA,2017,"Tottori","Jul",80,"GmJMC080","D2",58,NA,0.036752152,0.126454464,0.211268408,0.318837747,0.347433313,0.38422853,0.433495957,0.466650665,0.432360036,0.431822193,0.4441625,0.477739944,0.526880185,0.503174384,0.565689354,0.523629288
NA,2017,"Tottori","Jul",1134,"Nagoyadai1","D2",59,NA,0.030804078,0.116797725,0.235380596,0.352637222,0.364794936,0.406231654,0.398109096,0.430942005,0.343559302,0.293867705,0.359675,0.443797121,0.461659877,0.436999813,0.474673688,0.400682722
NA,2017,"Tottori","Jul",114,"GmJMC114","D2",60,NA,0.017873167,0.13231876,0.236292011,0.37928256,0.415908029,0.452479113,0.450898877,0.517208824,0.475348741,0.43745761,0.51344375,0.558980433,0.600281306,0.563157883,0.614822473,0.560606609
NA,2017,"Tottori","Jul",150,"GmWMC150","D2",61,NA,0.016425947,0.047896712,0.121484759,0.214896007,0.230201647,0.254647307,0.338969601,0.34640038,0.17991989,0.221233435,0.2850375,0.339922202,0.359060415,0.36431463,0.410822341,0.398504534
NA,2017,"Tottori","Jul",65,"GmJMC065","D2",62,NA,0.013198646,0.061601899,0.133543954,0.216833232,0.233182113,0.277231183,0.275175033,0.298800715,0.213377303,0.183131085,0.266375,0.284077085,0.268656775,0.318640496,0.302367675,0.249558019
NA,2017,"Tottori","Jul",1,"GmWMC001","D2",63,NA,0.02979826,0.10350929,0.130381903,0.174599466,0.170923488,0.17851159,0.131939868,0.1208705,0.010778089,0.004769455,0.005525,0.005116122,0.001687057,0.008787328,0.008885931,0.012325774
NA,2017,"Tottori","Jul",23,"GmJMC023","D2",64,NA,0.040847785,0.124192096,0.25045924,0.378217652,0.401260857,0.43883554,0.468329465,0.465481526,0.370525132,0.345279233,0.44748125,0.482494409,0.4523575,0.329914238,0.314394073,0.294357798
NA,2017,"Tottori","Jul",168,"GmWMC168","D2",65,NA,0.011310024,0.06004801,0.132105531,0.251301106,0.261705553,0.294171134,0.333740425,0.320943078,0.220445915,0.19706642,0.3529875,0.336332096,0.366835958,0.395629472,0.452480569,0.431367502
NA,2017,"Tottori","Jul",29,"GmWMC029","D2",66,NA,0.017815278,0.08156432,0.178513279,0.290272178,0.337655864,0.364303025,0.33656252,0.326090144,0.224258432,0.161015735,0.24441875,0.280848635,0.22198467,0.216877246,0.173622983,0.125695231
NA,2017,"Tottori","Jul",221,"C0394","D2",67,NA,0.045442708,0.126781912,0.200015226,0.319052994,0.346846992,0.379009946,0.436117462,0.444251661,0.366733223,0.379025125,0.45174375,0.458704442,0.478888594,0.466197707,0.50793804,0.462207866
NA,2017,"Tottori","Jul",134,"GmWMC134","D2",68,NA,0.008784625,0.030452664,0.065652859,0.136325115,0.143806132,0.167043791,0.172535154,0.203544353,0.046450883,0.067052143,0.106,0.155380154,0.139318872,0.139179293,0.154707818,0.10144129
NA,2017,"Tottori","Jul",140,"GmWMC140","D2",69,NA,0.029262788,0.080171178,0.156137118,0.230184223,0.245093119,0.273484926,0.295489968,0.267098496,0.147905051,0.16828982,0.26378125,0.303015557,0.318241173,0.357534408,0.389569916,0.35666951
NA,2017,"Tottori","Jul",156,"GmWMC156","D2",70,NA,0.013647285,0.06064337,0.13451117,0.20485869,0.185429508,0.213839283,0.237311922,0.231717766,0.127379284,0.09554897,0.170625,0.233930268,0.256329005,0.314236846,0.357948159,0.292568573
NA,2017,"Tottori","Jul",32,"GmJMC032","D2",71,NA,0.015904948,0.067746014,0.156025517,0.258965039,0.275945558,0.2985554,0.364866475,0.331158792,0.274161189,0.266196873,0.32061875,0.348222669,0.350323533,0.40532549,0.398694638,0.321265325
NA,2017,"Tottori","Jul",21,"GmJMC021","D2",72,NA,0.038467108,0.095608862,0.161965212,0.260154563,0.269023711,0.290294004,0.245038099,0.166146143,0.092365952,0.063295198,0.1505,0.149611285,0.118555817,0.154467246,0.137413539,0.094949946
NA,2017,"Tottori","Jul",96,"GmJMC096","D2",73,NA,0.030210718,0.088976552,0.175140425,0.277447976,0.309490731,0.341661892,0.373810027,0.391761571,0.316933508,0.31100044,0.39645625,0.442897389,0.420190317,0.378803736,0.453081165,0.415186682
NA,2017,"Tottori","Jul",91,"GmJMC091","D2",74,NA,0.063569139,0.161806941,0.233966974,0.318435575,0.347313878,0.365611761,0.397189149,0.435048251,0.326155677,0.3032201,0.4315375,0.469183671,0.477060163,0.452337694,0.50649082,0.426717245
NA,2017,"Tottori","Jul",159,"GmWMC159","D2",75,NA,0.03519639,0.128175054,0.203648485,0.338799093,0.361347584,0.388792747,0.450553032,0.451245112,0.155736167,0.185755618,0.33989375,0.371306965,0.377684018,0.357035128,0.409498135,0.351768589
NA,2017,"Tottori","Jul",226,"Houjaku Kuwazu","D2",76,NA,0.043076503,0.131884147,0.202309263,0.309938975,0.341206365,0.372130902,0.428107692,0.4435459,0.334017706,0.33940401,0.42475625,0.459321905,0.452084178,0.492230166,0.522960183,0.46144723
NA,2017,"Tottori","Jul",115,"GmWMC115","D2",77,NA,0.04861212,0.129466986,0.179697498,0.275425786,0.294903277,0.332410764,0.337046703,0.364165599,0.213099092,0.233290298,0.32740625,0.393544454,0.379474749,0.295004581,0.362535846,0.297348484
NA,2017,"Tottori","Jul",84,"GmWMC084","D2",78,NA,0.035666737,0.099240558,0.171482366,0.272468969,0.285060681,0.318317314,0.377337646,0.42546701,0.325022226,0.345865423,0.37943125,0.432444623,0.405383799,0.322435024,0.352607917,0.292205542
NA,2017,"Tottori","Jul",93,"GmJMC093","D2",79,NA,0.041585867,0.116285715,0.202197661,0.31715542,0.345126031,0.372621678,0.375975016,0.352680941,0.277973706,0.224537415,0.38705625,0.41262406,0.395902349,0.39518012,0.44834152,0.40452048
NA,2017,"Tottori","Jul",118,"GmWMC118","D2",80,NA,0.049379146,0.116660792,0.186542409,0.312080118,0.322416942,0.337220369,0.331015166,0.29721097,0.173830167,0.19083149,0.26914375,0.28089274,0.259307274,0.191953189,0.247112815,0.158463119
NA,2017,"Tottori","Jul",92,"GmJMC092","D2",81,NA,0.014689283,0.060119453,0.119730131,0.210659036,0.204186358,0.269296971,0.287065184,0.272416656,0.16692642,0.15113044,0.2793,0.294935612,0.270315557,0.310761858,0.357984339,0.267372479
NA,2017,"Tottori","Jul",71,"GmWMC071","D2",82,NA,0.02618021,0.051373614,0.129687492,0.223687156,0.241032302,0.271431846,0.274428008,0.280372508,0.195674859,0.15320875,0.268,0.326443867,0.290437718,0.333778666,0.360878779,0.282101173
NA,2017,"Tottori","Jul",123,"GmWMC123","D2",83,NA,0.031788187,0.066460037,0.138919441,0.24762491,0.254941144,0.29835091,0.338955768,0.337788669,0.197694463,0.190658298,0.31871875,0.390607094,0.388371854,0.389977622,0.440801504,0.391088326
NA,2017,"Tottori","Jul",139,"GmJMC139","D2",84,NA,0.044458598,0.112350386,0.195675156,0.351634623,0.360147797,0.393700507,0.394671397,0.323951474,0.144844734,0.121887553,0.38693125,0.476672615,0.476381571,0.477950758,0.516722665,0.488570846
NA,2017,"Tottori","Jul",102,"GmJMC102","D2",85,NA,0.03588382,0.108087608,0.144301127,0.256744594,0.266488414,0.317343941,0.395003408,0.381004061,0.242125742,0.253487208,0.37550625,0.406325938,0.382990236,0.418426597,0.449434171,0.333141631
NA,2017,"Tottori","Jul",55,"GmJMC055","D2",86,NA,0.02259834,0.069704749,0.14758098,0.250836625,0.263931402,0.292682447,0.328199988,0.300347686,0.119805771,0.104421755,0.2895,0.352959493,0.318853792,0.365702629,0.393267563,0.305179585
NA,2017,"Tottori","Jul",130,"GmJMC130","D2",87,NA,0.015564851,0.071014541,0.08927524,0.187752202,0.182970217,0.231589015,0.237014495,0.21043087,0.052736384,0.044776923,0.20443125,0.236823523,0.19653744,0.201699134,0.242025837,0.163251673
NA,2017,"Tottori","Jul",73,"GmWMC073","D2",88,NA,0.03460303,0.094930152,0.140085059,0.254235265,0.261738127,0.298915302,0.37134761,0.331550881,0.102299105,0.1039155,0.29049375,0.31275383,0.284980701,0.29791039,0.325885,0.264934984
NA,2017,"Tottori","Jul",175,"GmWMC175","D2",89,NA,0.024117921,0.076223941,0.139954857,0.304489822,0.318866442,0.356033449,0.441547228,0.371629557,0.153510482,0.130800305,0.4119375,0.494781923,0.460312116,0.448063858,0.517822552,0.44675311
NA,2017,"Tottori","Jul",94,"GmWMC094","D2",90,NA,0.023502853,0.066954186,0.147165574,0.260902264,0.279230043,0.315904332,0.355514826,0.311090938,0.128584864,0.118690153,0.32485625,0.39841359,0.379135452,0.414791838,0.4561348,0.393180077
NA,2017,"Tottori","Jul",124,"GmWMC124","D2",91,NA,0.035080613,0.085606814,0.177843668,0.277346017,0.316206281,0.350217754,0.364389209,0.377689122,0.200507482,0.23330362,0.3923625,0.411794896,0.403583643,0.375728171,0.424947209,0.371622938
NA,2017,"Tottori","Jul",51,"GmJMC051","D2",92,NA,0.026223626,0.100199088,0.189989664,0.312652222,0.332134673,0.374592962,0.333498334,0.363402806,0.274645481,0.251355608,0.314175,0.425149738,0.413649436,0.342396238,0.402008772,0.335873009
NA,2017,"Tottori","Jul",166,"GmWMC166","D2",93,NA,0.013459146,0.049700653,0.12459101,0.256727601,0.265592646,0.327077665,0.302745796,0.306257544,0.099939466,0.10737935,0.29229375,0.370336666,0.391302998,0.368927978,0.430077604,0.382686746
NA,2017,"Tottori","Jul",131,"GmJMC131","D2",94,NA,0.046028832,0.120215091,0.221417971,0.386153477,0.398812423,0.453100762,0.513413819,0.466458185,0.335944572,0.316609213,0.550775,0.613387744,0.597133389,0.609860534,0.662624149,0.562923094
NA,2017,"Tottori","Jul",1138,"Nagoyadai5","D2",95,NA,0.002264899,0.012889544,0.024322992,0.086246154,0.077953575,0.108674166,0.129422116,0.153577893,0.017094502,0.011537285,0.07941875,0.214824199,0.120374823,0.193650741,0.208392444,0.181005628
NA,2017,"Tottori","Jul",222,"C1322","D2",96,NA,0.0341761,0.090548302,0.170713553,0.319817688,0.320576545,0.360360458,0.394436223,0.399852872,0.352235354,0.358228703,0.4637125,0.459639457,0.458455411,0.502794931,0.559075558,0.46990067
NA,2017,"Tottori","Jul",171,"GmWMC171","D2",97,NA,0.033141338,0.081605995,0.187553025,0.326167481,0.336412646,0.377856622,0.428564207,0.456784268,0.306134811,0.43761748,0.4320125,0.529439239,0.514995386,0.510523786,0.580559539,0.502547548
NA,2017,"Tottori","Jul",137,"GmJMC137","D2",98,NA,0.05499436,0.072758946,0.132806142,0.233735802,0.22875213,0.273141383,0.347726397,0.413946707,0.364847573,0.431355905,0.46413125,0.509636318,0.496277534,0.493488352,0.550985598,0.530146562
NA,2017,"Tottori","Jul",59,"GmJMC059","D2",99,NA,0.030536342,0.03355449,0.08558618,0.136132525,0.118143722,0.164737144,0.210349846,0.260361686,0.16097065,0.225056993,0.2156875,0.261425013,0.271107249,0.22692276,0.282960454,0.245832628
NA,2017,"Tottori","Jul",227,"Tachiutaka","D2",100,NA,0.02387913,0.017967965,0.051938238,0.076814928,0.06297524,0.125744991,0.169284211,0.189621611,0.16378367,0.166544573,0.1554875,0.221766247,0.216056408,0.16750844,0.220114926,0.192467041
NA,2017,"Tottori","Jul",109,"GmWMC109","D2",101,NA,0.038365802,0.09085789,0.176386645,0.227986436,0.218404647,0.263677586,0.231238884,0.279189111,0.103319211,0.219195093,0.32368125,0.342118607,0.277902601,0.288144474,0.30510292,0.252470912
NA,2017,"Tottori","Jul",18,"GmWMC018","D2",102,NA,0.074010831,0.168534509,0.221789977,0.318951035,0.327188945,0.36725586,0.338803596,0.356366582,0.283300925,0.344693043,0.35066875,0.352236179,0.294820297,0.314486486,0.330147063,0.277727512
NA,2017,"Tottori","Jul",13,"GmJMC013","D2",103,NA,0.018126431,0.067388798,0.148436594,0.256886204,0.234474191,0.270900172,0.191432124,0.284692622,0.139136262,0.213453095,0.16688125,0.318707938,0.274462513,0.14395241,0.189144418,0.062329
NA,2017,"Tottori","Jul",121,"GmJMC121","D2",104,NA,0.035015488,0.10263411,0.156130918,0.233667829,0.229881342,0.269967698,0.298457318,0.376555627,0.281240105,0.400061353,0.45303125,0.448772108,0.430011063,0.389298602,0.418195927,0.399948016
NA,2017,"Tottori","Jul",63,"GmJMC063","D2",105,NA,0.06920606,0.121233157,0.177446862,0.311417383,0.300625338,0.375075558,0.36284674,0.448849802,0.323157184,0.461624625,0.48605,0.506213809,0.479058242,0.372153326,0.431944517,0.384164802
NA,2017,"Tottori","Jul",60,"GmJMC060","D2",106,NA,0.022453618,0.064900194,0.125155219,0.222882811,0.22593996,0.286351437,0.278087048,0.396516547,0.230657279,0.299289963,0.33709375,0.438566327,0.422065872,0.357055099,0.420663437,0.378485957
NA,2017,"Tottori","Jul",174,"GmWMC174","D2",107,NA,0.009566124,0.032453074,0.078821871,0.177884818,0.158996194,0.228096326,0.260635709,0.398947502,0.283980996,0.37654714,0.4403,0.506831272,0.482705678,0.486248792,0.530312061,0.522021578
NA,2017,"Tottori","Jul",179,"GmJMC179","D2",108,NA,0.072158389,0.167272346,0.207492547,0.332013142,0.350826376,0.39528735,0.451023381,0.533484103,0.424631961,0.55538838,0.5814625,0.594272854,0.574786951,0.495555371,0.547505034,0.528106673
NA,2017,"Tottori","Jul",97,"GmJMC097","D2",109,NA,0.049219952,0.120578261,0.204175493,0.303713799,0.311694865,0.370674933,0.39691939,0.478121065,0.395965955,0.49437133,0.4967875,0.564890436,0.560150082,0.464609997,0.522837169,0.508546206
NA,2017,"Tottori","Jul",172,"GmJMC172","D2",110,NA,0.01809025,0.044532928,0.103368067,0.196583002,0.202014798,0.249633212,0.27756828,0.34128183,0.223011636,0.361665908,0.34164375,0.401333308,0.411029314,0.368408726,0.436445372,0.390128886
NA,2017,"Tottori","Jul",125,"GmWMC125","D2",111,NA,0.029791024,0.067692432,0.105879108,0.203436926,0.186629295,0.228717975,0.26324338,0.330902151,0.258251658,0.356816518,0.3692,0.392371274,0.393206828,0.363615638,0.413130657,0.386360276
NA,2017,"Tottori","Jul",38,"GmWMC038","D2",112,NA,0.031390202,0.098180818,0.163248633,0.264187616,0.263024776,0.319143453,0.285979231,0.370624382,0.212460238,0.292468843,0.27434375,0.316291011,0.295423491,0.180629518,0.153557278,0.087352222
NA,2017,"Tottori","Jul",90,"GmJMC090","D2",113,NA,0.043170573,0.102657925,0.165300866,0.257803837,0.275511246,0.316844986,0.299404933,0.399460783,0.26235269,0.332356408,0.327575,0.350771909,0.334235229,0.244687142,0.327361164,0.221768845
NA,2017,"Tottori","Jul",7,"GmJMC007","D2",114,NA,0.029776552,0.084660192,0.141498682,0.222106788,0.213078896,0.25090923,0.191127781,0.228067769,0.115076189,0.184423368,0.24031875,0.240034331,0.20455803,0.139239206,0.181835957,0.140449856
NA,2017,"Tottori","Jul",161,"GmJMC161","D2",115,NA,0.031665174,0.092524898,0.165443468,0.286397728,0.273513411,0.330570354,0.282576116,0.287344572,0.163062383,0.265663973,0.33868125,0.385402763,0.372142177,0.350364747,0.404563115,0.364984654
NA,2017,"Tottori","Jul",54,"GmJMC054","D2",116,NA,0.064849928,0.142011221,0.217313505,0.317455634,0.327672117,0.37973793,0.405454844,0.439097467,0.356573381,0.466527305,0.5215,0.493891012,0.501706277,0.42173183,0.494920296,0.464532995
NA,2017,"Tottori","Jul",186,"GmWMC186","D2",117,NA,0.006953892,0.046116586,0.12835447,0.21586462,0.18344796,0.241993466,0.227545259,0.215214362,0.045327736,0.089407298,0.24615625,0.280363486,0.252012401,0.262421568,0.317006305,0.240542744
NA,2017,"Tottori","Jul",20,"GmWMC020","D2",118,NA,0.054408236,0.123168077,0.182041136,0.292498287,0.300657911,0.340721238,0.372060051,0.460220397,0.319622878,0.492013248,0.47948125,0.505596346,0.49382706,0.348697152,0.422356685,0.344819135
NA,2017,"Tottori","Jul",69,"GmJMC069","D2",119,NA,0.030898147,0.131949637,0.220047749,0.304818357,0.312416908,0.373775002,0.304025423,0.346243544,0.183763319,0.306763885,0.376525,0.354176777,0.344329297,0.269381531,0.344199569,0.26742434
NA,2017,"Tottori","Jul",122,"GmWMC122","D2",120,NA,0.041035923,0.156002181,0.235256594,0.32547076,0.316027127,0.364703825,0.330102136,0.387455715,0.157570297,0.323377043,0.35291875,0.389275138,0.347712836,0.30406152,0.381798344,0.325051222
NA,2017,"Tottori","Jul",100,"GmJMC100","D2",121,NA,0.049133119,0.155746176,0.254700108,0.353328279,0.360647256,0.421167604,0.38547192,0.383149859,0.266536155,0.432141933,0.491775,0.442862105,0.431245724,0.374290245,0.466084437,0.396464645
NA,2017,"Tottori","Jul",70,"GmWMC070","D2",122,NA,0.028524706,0.08118329,0.146068156,0.243019753,0.247487264,0.283341344,0.287902129,0.28775092,0.168070175,0.234089648,0.22228125,0.28599122,0.249175506,0.165151838,0.129092024,0.02873997
NA,2017,"Tottori","Jul",14,"GmWMC014","D2",123,NA,0.072361,0.137819886,0.20708334,0.31621513,0.32040282,0.35744034,0.362832906,0.397215179,0.271317257,0.37953138,0.3693125,0.385887912,0.380945033,0.340079579,0.371906596,0.311489413
NA,2017,"Tottori","Jul",45,"GmWMC045","D2",124,NA,0.034530669,0.072639874,0.148479995,0.24645238,0.25817134,0.292387982,0.312035193,0.385502396,0.242187566,0.362678418,0.37916875,0.367381664,0.345724182,0.309333917,0.365582244,0.274192279
NA,2017,"Tottori","Jul",24,"GmWMC024","D2",125,NA,0.044017196,0.129568197,0.196933776,0.30299442,0.302769753,0.351870033,0.305989822,0.370788347,0.179342861,0.312252755,0.3058125,0.402665264,0.38594023,0.297291283,0.341572864,0.160088116
NA,2017,"Tottori","Jul",49,"GmJMC049","D2",126,NA,0.024689573,0.064019061,0.123115386,0.195965582,0.19218306,0.251498161,0.2494995,0.293881774,0.130511731,0.230132865,0.2708,0.30039575,0.30538561,0.233353486,0.261968528,0.109151381
NA,2017,"Tottori","Jul",129,"GmWMC129","D2",127,NA,0.014023562,0.051337893,0.109543367,0.177352364,0.193214551,0.223278541,0.19958715,0.238725474,0.08185577,0.161188928,0.17913125,0.262280641,0.250344194,0.223038362,0.273039761,0.248486213
NA,2017,"Tottori","Jul",128,"GmJMC128","D2",128,NA,0.032215117,0.100127645,0.186703611,0.269755721,0.280152956,0.331421033,0.320791988,0.368856415,0.271616076,0.33551384,0.35211875,0.325314792,0.321916884,0.274164634,0.323337892,0.2726105
NA,2017,"Tottori","Jul",61,"GmJMC061","D2",129,NA,0.035572668,0.075128478,0.126389039,0.224078,0.215939926,0.270589348,0.245909629,0.29390316,0.165607495,0.2339431,0.24610625,0.323127209,0.324848028,0.247273413,0.300276442,0.239574661
NA,2017,"Tottori","Jul",164,"GmWMC164","D2",130,NA,0.03703436,0.101240968,0.147921986,0.259282246,0.260196319,0.285926098,0.316545012,0.339684956,0.272770135,0.363690928,0.37321875,0.354397299,0.37414968,0.308844622,0.349344436,0.325353748
NA,2017,"Tottori","Jul",176,"GmWMC176","D2",131,NA,0.0254566,0.053874126,0.083893553,0.176270464,0.174718289,0.210935525,0.247846361,0.309779221,0.215211433,0.284581923,0.31183125,0.336235066,0.345309486,0.302753406,0.358628352,0.347515938
NA,2017,"Tottori","Jul",106,"GmJMC106","D2",132,NA,0.019530234,0.075896493,0.132341135,0.220509428,0.228268958,0.267432022,0.32864267,0.391013036,0.258117705,0.390069478,0.45524375,0.408954566,0.437862004,0.404995965,0.433239779,0.38788155
NA,2017,"Tottori","Jul",88,"GmJMC088","D2",133,NA,0.044986834,0.092560619,0.142670501,0.212856823,0.226401417,0.285811583,0.285571133,0.339770503,0.188482597,0.325108968,0.3534875,0.293171432,0.351454521,0.295603717,0.329119536,0.305680914
NA,2017,"Tottori","Jul",119,"GmWMC119","D2",134,NA,0.035225335,0.111379949,0.175741835,0.28784215,0.28847003,0.335028236,0.351606778,0.387241848,0.219415505,0.350768103,0.426275,0.338440291,0.361501464,0.303751966,0.327563775,0.269576597
NA,2017,"Tottori","Jul",1136,"Nagoyadai3","D2",135,NA,0.033532087,0.089434979,0.139018642,0.239032016,0.240293972,0.275366234,0.271785752,0.343997941,0.242424561,0.341095968,0.34078125,0.291821835,0.331850729,0.266815232,0.299639665,0.265678333
NA,2017,"Tottori","Jul",27,"GmWMC027","D2",136,NA,0.024277116,0.077051491,0.173739202,0.30625145,0.289349512,0.341833664,0.318564746,0.40349574,0.174654495,0.269234403,0.385425,0.361956811,0.38693927,0.330633202,0.376979102,0.300831854
NA,2017,"Tottori","Jul",190,"GmWMC190","D2",137,NA,0.027735971,0.085839005,0.142521699,0.239966642,0.242921559,0.269239714,0.284831025,0.356174102,0.205412234,0.317794915,0.38966875,0.359319362,0.37743897,0.369786739,0.41577907,0.39998259
NA,2017,"Tottori","Jul",48,"GmWMC048","D2",138,NA,0.027186028,0.075979843,0.113096024,0.224774721,0.227215752,0.248880689,0.239636001,0.295464389,0.157900028,0.24183002,0.31018125,0.288011206,0.24831784,0.260434434,0.290030124,0.214369924
NA,2017,"Tottori","Jul",98,"GmJMC098","D2",139,NA,0.033864948,0.120744962,0.200641436,0.369800354,0.365929576,0.395123758,0.411949813,0.500263429,0.258746255,0.420391488,0.5344125,0.461668264,0.520141381,0.467016526,0.511433076,0.476884699
NA,2017,"Tottori","Jul",64,"GmJMC064","D2",140,NA,0.034118212,0.094090694,0.177273259,0.29006826,0.287199668,0.330586714,0.341840115,0.398911857,0.267638693,0.35997395,0.3749125,0.374059085,0.389785589,0.333289371,0.376957393,0.306052589
NA,2017,"Tottori","Jul",169,"GmWMC169","D2",141,NA,0.038423691,0.107950675,0.172226378,0.287615574,0.309018417,0.340353156,0.359436709,0.443759767,0.267515044,0.409973293,0.46925,0.364391379,0.409690978,0.308604968,0.347824855,0.306026658
NA,2017,"Tottori","Jul",26,"GmJMC026","D2",142,NA,0.024335004,0.065882538,0.148628797,0.258568531,0.261841276,0.300412169,0.285799391,0.338187887,0.120867093,0.23223782,0.2592375,0.266258867,0.253859682,0.183595242,0.226113653,0.162240372
NA,2017,"Tottori","Jul",152,"GmWMC152","D2",143,NA,0.024812587,0.0900482,0.180305108,0.291263448,0.291271343,0.325000047,0.362784488,0.442797366,0.226597463,0.351527485,0.43405625,0.376925878,0.437343635,0.37187373,0.392905758,0.367327069
NA,2017,"Tottori","Jul",182,"GmWMC182","D2",144,NA,0.019436165,0.074360464,0.165121063,0.293818092,0.276390728,0.336631438,0.322569632,0.390784911,0.192645454,0.325242193,0.3778375,0.334717871,0.393225678,0.358493026,0.398918957,0.365485982
NA,2017,"Tottori","Jul",206,"C1290","D2",145,NA,0.030890911,0.092239125,0.169820739,0.267014152,0.269762041,0.293721256,0.337932066,0.416249342,0.207184539,0.36711481,0.4362,0.375779161,0.407297054,0.3707154,0.391226983,0.381243265
NA,2017,"Tottori","Jul",57,"GmJMC057","D2",146,NA,0.033836004,0.080528394,0.178364477,0.280665356,0.290266996,0.32064032,0.323282072,0.386165384,0.191171967,0.293654545,0.34014375,0.362080303,0.393187978,0.330892827,0.364337635,0.347334422
NA,2017,"Tottori","Jul",72,"GmWMC072","D2",147,NA,0.030738953,0.056100773,0.126854046,0.225261859,0.204870399,0.250410274,0.284837942,0.325320223,0.165865098,0.26399866,0.33088125,0.2904987,0.330804565,0.296592291,0.326449415,0.282144391
NA,2017,"Tottori","Jul",75,"GmWMC075","D2",148,NA,0.045970943,0.05411227,0.115607065,0.179884351,0.14939247,0.208506184,0.259086323,0.314498552,0.206298386,0.304991993,0.2587875,0.28187186,0.277798928,0.232604566,0.27033346,0.269948272
NA,2017,"Tottori","Jul",44,"GmJMC044","D2",149,NA,0.046528123,0.067984158,0.127567058,0.206846895,0.187421915,0.238566214,0.245086518,0.274669388,0.176756531,0.228707358,0.198675,0.222516023,0.20313487,0.174807914,0.214224741,0.192700418
NA,2017,"Tottori","Jul",58,"GmJMC058","D2",150,NA,0.029863385,0.043086203,0.093144102,0.122249081,0.114490072,0.176589384,0.213061271,0.301367119,0.244619334,0.274350243,0.25900625,0.285867727,0.327147704,0.266994973,0.324633154,0.308593807
NA,2017,"Tottori","Jul",85,"GmJMC085","D2",151,NA,0.042888365,0.090899565,0.176312244,0.223528553,0.228404681,0.284511027,0.256734577,0.347248719,0.326547233,0.361799133,0.32574375,0.303103766,0.350436632,0.373201814,0.404577587,0.36475992
NA,2017,"Tottori","Jul",103,"GmWMC103","D2",152,NA,0.017836987,0.045455736,0.06944112,0.157039826,0.124886416,0.177832684,0.116349175,0.109685255,0.052633343,0.08494426,0.07823125,0.103954307,0.064447466,0.09327549,0.096507866,0.028376939
NA,2017,"Tottori","Jul",113,"GmWMC113","D2",153,NA,0.022178647,0.055082707,0.108049143,0.203334967,0.188241679,0.237764613,0.164767475,0.194447876,0.12450444,0.161402088,0.13886875,0.19003747,0.146142499,0.180699418,0.218906497,0.143673919
NA,2017,"Tottori","Jul",31,"GmJMC031","D2",154,NA,0.033734698,0.080867749,0.121689363,0.217286384,0.2074817,0.275390773,0.283696654,0.371330143,0.266597979,0.356163715,0.317375,0.394047245,0.445543298,0.392364181,0.450866919,0.406672736
NA,2017,"Tottori","Jul",133,"GmJMC133","D2",155,NA,0.035543723,0.070329877,0.105631104,0.20122781,0.18843169,0.266164184,0.264931104,0.344340128,0.30253868,0.326894183,0.28004375,0.354053284,0.429341895,0.432366494,0.477575364,0.441627455
NA,2017,"Tottori","Jul",138,"GmWMC138","D2",156,NA,0.024776406,0.046408312,0.070724541,0.16209247,0.151536886,0.19508346,0.271820336,0.347034852,0.255933236,0.295732855,0.2882625,0.319104878,0.341746874,0.341247894,0.395865323,0.403033781
NA,2017,"Tottori","Jul",184,"GmJMC184","D2",157,NA,0.021910911,0.059857494,0.100131615,0.161735613,0.15734038,0.198126271,0.234925592,0.387762258,0.27077114,0.352100353,0.30769375,0.381027596,0.434158019,0.447804232,0.545428274,0.523646575
NA,2017,"Tottori","Jul",16,"GmJMC016","D2",158,NA,0.022374021,0.035328662,0.043902908,0.101115204,0.074614802,0.113377436,0.075829975,0.220047756,0.07150015,0.093110953,0.05629375,0.098185438,0.128451962,0.134765658,0.210802065,0.159604074
NA,2017,"Tottori","Jul",76,"GmJMC076","D2",159,NA,0.042077922,0.061476874,0.121001152,0.193076738,0.160880023,0.222149756,0.196495295,0.347462586,0.115828388,0.20980273,0.19729375,0.253283323,0.284999551,0.232774322,0.325450834,0.283138405
NA,2017,"Tottori","Jul",19,"GmWMC019","D2",160,NA,0.016823933,0.042699219,0.066868079,0.127035499,0.120510722,0.163346612,0.158666769,0.299470831,0.098393851,0.170567968,0.12375625,0.18328066,0.199138712,0.163414344,0.215310156,0.163778933
NA,2017,"Tottori","Jul",78,"GmJMC078","D2",161,NA,0.029841676,0.044693675,0.090577261,0.169025696,0.150983138,0.202682308,0.16500265,0.372135709,0.157570297,0.249916778,0.1919625,0.284950354,0.314537188,0.223617526,0.316912236,0.240188357
NA,2017,"Tottori","Jul",145,"GmJMC145","D2",162,NA,0.028857567,0.044003058,0.083447146,0.151386754,0.141140542,0.195721469,0.139942721,0.322447276,0.107430547,0.172646278,0.17636875,0.219340499,0.269410767,0.257049315,0.380423485,0.237240889
NA,2017,"Tottori","Jul",50,"GmJMC050","D2",163,NA,0.022345077,0.039895074,0.066861878,0.12169397,0.093621381,0.142693122,0.087962217,0.243943829,0.043184483,0.070782443,0.06918125,0.111284474,0.117151507,0.065385709,0.074712733,0.012887608
NA,2017,"Tottori","Jul",126,"GmJMC126","D2",164,NA,0.01966772,0.04696795,0.078065459,0.168572544,0.157698687,0.200154812,0.187109062,0.40064418,0.229266225,0.261400773,0.204975,0.2856031,0.302793762,0.307856048,0.340624935,0.30326935
NA,2017,"Tottori","Jul",87,"GmWMC087","D2",165,NA,0.005962546,0.023147597,0.049836404,0.150129258,0.109039457,0.172458686,0.175834515,0.309444162,0.101917853,0.118263833,0.124475,0.159896454,0.177414318,0.219663229,0.26543462,0.184143254
NA,2017,"Tottori","Jul",225,"UA-4805","D2",166,NA,0.008205737,0.014616088,0.024279592,0.067530977,0.064500761,0.082188621,0.088052137,0.28243276,0.103597421,0.10801883,0.07314375,0.113375028,0.13004477,0.111439296,0.167399937,0.11356826
NA,2017,"Tottori","Jul",185,"GmWMC185","D2",167,NA,0.032215117,0.071883766,0.122414774,0.235401135,0.20141219,0.279775038,0.235880124,0.453811516,0.11379848,0.16956878,0.22146875,0.29686739,0.351181199,0.33476724,0.416104694,0.344551183
NA,2017,"Tottori","Jul",224,"5002T","D2",168,NA,0.032367075,0.064668003,0.097880979,0.203114055,0.199550077,0.246721275,0.283212471,0.57284276,0.31382167,0.3170755,0.22883125,0.314800279,0.333556636,0.326349379,0.383607369,0.297823882
NA,2017,"Tottori","Jul",77,"GmJMC077","D2",169,NA,0.052273586,0.120649704,0.20024463,0.297386664,0.30836152,0.351600106,0.36215505,0.611217628,0.286412764,0.375814403,0.3130375,0.409951328,0.419257252,0.334118176,0.453920553,0.384882221
NA,2017,"Tottori","Jul",46,"GmWMC046","D2",170,NA,0.045167736,0.085737794,0.124789413,0.207543616,0.177926769,0.214583626,0.115878826,0.261680532,0.015868314,0.014028593,0.0062375,0.026744969,0.025598028,0.028339133,0.070103337,0.022654876
NA,2017,"Tottori","Jul",101,"GmJMC101","D2",171,NA,0.029400274,0.079492467,0.151722647,0.260698346,0.268171373,0.307119441,0.2549431,0.543336242,0.255407727,0.268754793,0.25284375,0.325605882,0.342321793,0.316373765,0.389200875,0.328085125
NA,2017,"Tottori","Jul",41,"GmJMC041","D2",172,NA,0.018654666,0.076283477,0.1426271,0.220815305,0.217546881,0.249592314,0.170238743,0.421260959,0.109913835,0.099092755,0.1051,0.118164776,0.095125516,0.095382451,0.136986609,0.039777847
NA,2017,"Tottori","Jul",108,"GmWMC108","D2",173,NA,0.012409912,0.031726734,0.090850065,0.189842366,0.164028785,0.220203012,0.189599146,0.512076016,0.125627587,0.21241394,0.162325,0.217055886,0.171212733,0.165581219,0.232271574,0.070211963
NA,2017,"Tottori","Jul",142,"GmWMC142","D2",174,NA,0.018582305,0.07716461,0.171042159,0.273080724,0.287639409,0.334324791,0.281386409,0.638000906,0.245278796,0.35240677,0.3379875,0.383638583,0.40904066,0.363995091,0.44557733,0.386464
NA,2017,"Tottori","Jul",11,"GmWMC011","D2",175,NA,0.017156793,0.053088251,0.145280743,0.241082528,0.246244046,0.298727172,0.283399227,0.492314705,0.318819158,0.376733655,0.30761875,0.368246112,0.380257015,0.297301269,0.381776636,0.306960167
NA,2017,"Tottori","Jul",34,"GmJMC034","D2",176,NA,0.049675827,0.121733259,0.210425194,0.306970829,0.34384481,0.381676495,0.37143753,0.595569693,0.328154673,0.4337806,0.3743375,0.460018756,0.461169782,0.340788557,0.425518861,0.349884284
NA,2017,"Tottori","Jul",30,"GmJMC030","D2",177,NA,0.019023707,0.049254133,0.108272346,0.181396746,0.155744283,0.217757311,0.127575304,0.243587384,0.045410169,0.08510413,0.06685,0.142095878,0.130638539,0.100714762,0.122181549,0.05822329
NA,2017,"Tottori","Jul",147,"GmWMC147","D2",178,NA,0.022591104,0.061453059,0.117262491,0.254065333,0.246678358,0.307773809,0.269268,0.555262892,0.226855066,0.313105395,0.285275,0.404817564,0.398258574,0.316863059,0.401125967,0.334472746
NA,2017,"Tottori","Jul",165,"GmWMC165","D2",179,NA,0.012105995,0.02062327,0.04527933,0.11489669,0.09130324,0.12432174,0.120084301,0.276059524,0.099063617,0.11052346,0.12116875,0.150907957,0.137009771,0.161137627,0.197581711,0.10221057
NA,2017,"Tottori","Jul",132,"GmWMC132","D2",180,NA,0.022460854,0.032548331,0.072243565,0.126950533,0.116829928,0.173055797,0.135239229,0.266635118,0.129007332,0.168329788,0.14565,0.227843847,0.218591706,0.182846322,0.238248593,0.18778221
NA,2017,"Tottori","Jul",53,"GmJMC053","D2",181,NA,0.009696374,0.028351043,0.049073792,0.092924482,0.09238902,0.145024308,0.149716301,0.228894721,0.095529311,0.11585246,0.15368125,0.205606358,0.178771503,0.195637875,0.250600615,0.119895376
NA,2017,"Tottori","Jul",127,"GmWMC127","D2",182,NA,0.041701644,0.10597408,0.14879,0.286261783,0.27958835,0.325081843,0.392036058,0.46506092,0.327526123,0.41843308,0.3620375,0.520882966,0.491687608,0.450500344,0.507431513,0.504250337
NA,2017,"Tottori","Jul",112,"GmJMC112","D2",183,NA,0.015210282,0.045217592,0.078449865,0.137146453,0.145972263,0.21450183,0.183996457,0.244956133,0.20545345,0.197252935,0.2498375,0.333615259,0.328401216,0.295703573,0.35946774,0.30823942
NA,2017,"Tottori","Jul",144,"GmWMC144","D2",184,NA,0.013227591,0.039216363,0.090236255,0.18494266,0.186227557,0.238083617,0.258705894,0.325420027,0.27506795,0.264358368,0.3142375,0.39047478,0.378032739,0.383297256,0.425569513,0.425040386
NA,2017,"Tottori","Jul",35,"GmWMC035","D2",185,NA,0.031513216,0.063929757,0.112804619,0.242051141,0.232302631,0.276920358,0.321954027,0.357036699,0.297973964,0.323976555,0.28631875,0.417766645,0.388136232,0.268692525,0.345581664,0.252617854
NA,2017,"Tottori","Jul",183,"GmWMC183","D2",186,NA,0.004146285,0.019599251,0.044925925,0.103307327,0.098225088,0.15644303,0.164587636,0.263263148,0.185628362,0.183064473,0.19839375,0.35714942,0.326902657,0.309014378,0.371002083,0.321896308
NA,2017,"Tottori","Jul",68,"GmJMC068","D2",187,NA,0.02256216,0.04137752,0.050667217,0.108592212,0.104267453,0.144034576,0.122768058,0.174822015,0.137188787,0.137141815,0.19264375,0.237652688,0.226046802,0.210486462,0.254471929,0.213946387
NA,2017,"Tottori","Jul",120,"GmWMC120","D2",188,NA,0.026028252,0.063840453,0.101576238,0.219087663,0.216146225,0.25539983,0.241420561,0.297588802,0.173624085,0.206139043,0.28296875,0.366693634,0.324914003,0.272007744,0.342542502,0.275627117
NA,2017,"Tottori","Jul",37,"GmJMC037","D2",189,NA,0.018502708,0.068109184,0.128745077,0.23011625,0.219110404,0.257371114,0.242554932,0.335714159,0.183711799,0.217076815,0.24884375,0.379086998,0.305178262,0.295044523,0.340842018,0.257985529
NA,2017,"Tottori","Jul",1135,"Nagoyadai2","D2",190,NA,0.012518453,0.023873936,0.041212065,0.099353576,0.087171847,0.115765879,0.123266075,0.168484423,0.08650292,0.104701528,0.11485625,0.236682389,0.168583186,0.107674725,0.17294279,0.118987798
NA,2017,"Tottori","Jul",167,"GmJMC167","D2",191,NA,0.029132539,0.059863448,0.115018055,0.236505693,0.233708716,0.293925746,0.303714162,0.364194114,0.281652269,0.278520185,0.32711875,0.520283145,0.475373106,0.43702977,0.514074252,0.484032956
NA,2017,"Tottori","Jul",117,"GmJMC117","D2",192,NA,0.022185883,0.037882757,0.072355167,0.147229085,0.139875609,0.187811796,0.169332629,0.202368084,0.104112626,0.10684645,0.1899125,0.292924447,0.272351335,0.277679565,0.308778859,0.277468204
NA,2017,"Tottori","Jul",188,"GmWMC188","D2",193,NA,0.017677792,0.040776206,0.097136967,0.205895276,0.179028835,0.228341714,0.25197575,0.286980998,0.113983954,0.176376578,0.24435,0.380304283,0.345347186,0.368238971,0.430316395,0.397112915
NA,2017,"Tottori","Jul",81,"GmJMC081","D2",194,NA,0.027830041,0.077367032,0.1239834,0.242730869,0.213844371,0.293901208,0.282285606,0.345074405,0.146503694,0.200197208,0.2732,0.436616908,0.362057534,0.344952552,0.43650326,0.298186913
NA,2017,"Tottori","Jul",158,"GmJMC158","D2",195,NA,0.011252136,0.052784618,0.117919702,0.222299378,0.210977912,0.260773828,0.30246912,0.362476049,0.217024954,0.267529123,0.32964375,0.45692262,0.449049361,0.420673357,0.515912222,0.480938548
NA,2017,"Tottori","Jul",52,"GmJMC052","D2",196,NA,0.003806189,0.018015594,0.047641568,0.115995583,0.078762481,0.156271258,0.130833164,0.160706793,0.042514717,0.062056205,0.0749375,0.179108375,0.067802731,0.06540568,0.112861452,0.053184071
NA,2017,"Tottori","Jul",151,"GmWMC151","D2",197,NA,0.017048252,0.050706811,0.087061804,0.199126318,0.142660634,0.23312678,0.239995679,0.294608921,0.221785448,0.266489968,0.30063125,0.436625729,0.406495937,0.370415832,0.447965243,0.424971238
NA,2017,"Tottori","Jul",143,"GmWMC143","D2",198,NA,0.027540597,0.038007782,0.080241694,0.141156848,0.113692024,0.183067628,0.204989248,0.297724251,0.284558026,0.312958848,0.3220625,0.388419511,0.367458001,0.364773968,0.407414138,0.405315691
NA,2017,"Tottori","Jul",62,"GmJMC062","D2",199,NA,0.029935746,0.058553656,0.100113015,0.156065549,0.111270734,0.178470692,0.16531391,0.229415131,0.218024452,0.246173155,0.24931875,0.278361141,0.253953931,0.269691085,0.314401309,0.283354495
