"ID","year","place","sowing","varietyID","variety","block","plot","ind","CanopyArea_20190725","CanopyArea_20190726","CanopyArea_20190727","CanopyArea_20190729","CanopyArea_20190730","CanopyArea_20190731","CanopyArea_20190801","CanopyArea_20190803","CanopyArea_20190805","CanopyArea_20190806","CanopyArea_20190807","CanopyArea_20190809","CanopyArea_20190810","CanopyArea_20190811","CanopyArea_20190812","CanopyArea_20190813","CanopyArea_20190814","CanopyArea_20190816","CanopyArea_20190817","CanopyArea_20190818","CanopyArea_20190819","CanopyArea_20190820","CanopyArea_20190821","CanopyArea_20190822","CanopyArea_20190823","CanopyArea_20190824","CanopyArea_20190825","CanopyArea_20190826","CanopyArea_20190827","CanopyArea_20190829","CanopyArea_20190830","CanopyArea_20190831","CanopyArea_20190901","CanopyArea_20190904","CanopyArea_20190905","CanopyArea_20190907"
NA,2019,"Tottori","Jul",19,"GmWMC019","W2",1,0,0.0075831,0.0066623,0.0073058,0.0062815,0.0078311,0.0087549,0.0085633,0.0114471,0.0145963,0.0205547,0.0210287,0.0279175,0.0290423,0.0340717,0.0373768,0.0450192,0.0594502,0.0683439,0.0636877,0.083711,0.1153766,0.1326072,0.1040767,0.1431802,0.159498,0.1588001,0.1696279,0.1506635,0.1889852,0.1896549,0.2041037,0.1567718,0.1756586,0.2094536,0.1530976,0.1795241
NA,2019,"Tottori","Jul",129,"GmWMC129","W2",2,0,0.0214451,0.0136656,0.0223601,0.0220153,0.0207389,0.0242424,0.0253059,0.0283733,0.0289038,0.0382472,0.0387326,0.0616953,0.0558536,0.0676401,0.0545844,0.0774823,0.070057,0.0994315,0.0872519,0.0892056,0.1198985,0.1489079,0.1240174,0.1925003,0.166393,0.1848334,0.1564625,0.1909698,0.217162,0.2232644,0.2455044,0.2120537,0.3007658,0.3834272,0.2361489,0.2278902
NA,2019,"Tottori","Jul",192,"GmWMC192","W2",3,0,0.0063761,0.0035386,0.0055225,0.0075241,0.0079576,0.0095964,0.00924,0.0120079,0.0107322,0.0170717,0.0190653,0.0266015,0.0316253,0.0369692,0.0381055,0.0553848,0.0619339,0.074169,0.0793337,0.0986569,0.1257816,0.1369286,0.1246892,0.1633459,0.1669572,0.1732438,0.1919574,0.2102402,0.2309829,0.2423105,0.2650034,0.2789959,0.3241821,0.4013036,0.3231868,0.3712511
NA,2019,"Tottori","Jul",24,"GmWMC024","W2",4,0,0.016478,0.0104909,0.0202729,0.0191164,0.0195029,0.0197123,0.0230569,0.0275261,0.0301323,0.0329231,0.0326682,0.0526006,0.0600342,0.0716966,0.0502911,0.0819452,0.0789809,0.1229174,0.1130445,0.1222689,0.1686865,0.1956357,0.1523544,0.2305793,0.2370234,0.2306642,0.2385946,0.2560723,0.2850878,0.2818313,0.2854572,0.2884585,0.3507542,0.4053947,0.291635,0.3261506
NA,2019,"Tottori","Jul",88,"GmJMC088","W2",5,0,0.0048178,0.0024236,0.0021072,0.0012066,0.0013485,0.0012967,0.001541,0.003279,0.0041159,0.0006115,0.0016754,0.000878,0.0006852,0.0015558,0.0015418,0.0021084,0.0007447,0.0026035,0.0004365,0.0014451,0.0013693,0.0017686,0.0012374,0.0052281,0.0061098,0.0108307,0.0013411,0.0045568,0.0042436,0.0090924,0.0055496,0.0095781,0.0094522,0.011395,0.0126434,0.0135236
NA,2019,"Tottori","Jul",133,"GmJMC133","W2",6,0,0.0072222,0.0054234,0.0104992,0.0094128,0.0094,0.010382,0.0130399,0.01628,0.0152197,0.0154307,0.016269,0.0195172,0.0244766,0.0305223,0.0275816,0.04308,0.0396165,0.0728986,0.0575443,0.0684614,0.0930253,0.1016603,0.0691124,0.1231723,0.1262359,0.1212046,0.1081606,0.1253068,0.1515545,0.1817449,0.1734682,0.1940468,0.2362807,0.2957917,0.2474408,0.2251861
NA,2019,"Tottori","Jul",104,"GmJMC104","W2",7,0,0.0219109,0.0198634,0.0286933,0.021439,0.0236339,0.0277744,0.0289251,0.0358028,0.0379663,0.0495587,0.0445209,0.0512308,0.0618037,0.0690879,0.0560271,0.0866085,0.0992925,0.1261728,0.1188972,0.1274383,0.1854372,0.2114823,0.166902,0.2418627,0.2531944,0.2526157,0.2472621,0.2780661,0.2850519,0.3149689,0.2743287,0.2877989,0.3397777,0.433637,0.3124987,0.2811686
NA,2019,"Tottori","Jul",47,"GmJMC047","W2",8,0,0.0106111,0.0083173,0.012662,0.0100578,0.0139431,0.0153886,0.0135196,0.0201233,0.0180489,0.0289586,0.0348073,0.0318682,0.0260552,0.0390487,0.0361323,0.0488127,0.0467429,0.0818734,0.0626479,0.0542684,0.1100059,0.1288731,0.0865634,0.1877287,0.1803582,0.175108,0.1491883,0.1856506,0.211031,0.230019,0.1753158,0.2446841,0.2631047,0.3318631,0.2846744,0.2162654
NA,2019,"Tottori","Jul",71,"GmWMC071","W2",9,0,0.0120264,0.0161343,0.0194657,0.0161152,0.0155708,0.0185135,0.0209279,0.0237955,0.0248227,0.0347819,0.0298851,0.0425325,0.0461609,0.0570052,0.05978,0.0731733,0.0894723,0.1130991,0.1163327,0.130332,0.1725673,0.1880307,0.1344655,0.2180823,0.219765,0.2362352,0.2235136,0.2366323,0.301807,0.3215437,0.3132514,0.2642819,0.2620274,0.3778877,0.172244,0.272359
NA,2019,"Tottori","Jul",182,"GmWMC182","W2",10,0,0.0092678,0.0096676,0.0077708,0.0091168,0.0101218,0.0095169,0.0104813,0.0104369,0.0114676,0.0135336,0.020557,0.0304182,0.0320717,0.0412899,0.0364005,0.0580137,0.0528151,0.0883088,0.0760793,0.0876902,0.1367602,0.1520491,0.1013266,0.2118866,0.2253015,0.2129382,0.2089705,0.2307471,0.2871536,0.2967787,0.2857461,0.3241463,0.3105812,0.392408,0.4077094,0.2733793
NA,2019,"Tottori","Jul",143,"GmWMC143","W2",11,0,0.0177817,0.0170438,0.018024,0.018324,0.0211042,0.0221751,0.0238805,0.0316775,0.0335229,0.0391955,0.0406432,0.0589993,0.058467,0.0753437,0.0765401,0.0872594,0.1113915,0.1226894,0.1412467,0.1297147,0.2150005,0.2483661,0.1792099,0.2803002,0.30172,0.2821165,0.2996686,0.3138825,0.3650698,0.3679554,0.3714363,0.3254069,0.4909949,0.4332758,0.2802717,0.5012484
NA,2019,"Tottori","Jul",52,"GmJMC052","W2",12,0,0.0132242,0.0137962,0.0128959,0.0152792,0.0216126,0.0177821,0.0190556,0.0197913,0.0250843,0.0297619,0.0275085,0.0422655,0.0522191,0.0697639,0.0538422,0.0799077,0.0743752,0.1193101,0.1100162,0.1136835,0.1617969,0.2020281,0.1345752,0.2640955,0.262313,0.2811915,0.2551599,0.291074,0.302045,0.3187135,0.2804749,0.2903695,0.3044659,0.3359327,0.3100737,0.2939905
NA,2019,"Tottori","Jul",40,"GmJMC040","W2",13,0,0.01647,0.0145222,0.0232215,0.0139339,0.016073,0.0187737,0.0236873,0.0276647,0.030186,0.042498,0.0354774,0.0469235,0.0503741,0.0712052,0.0689319,0.0922466,0.0840447,0.1213185,0.1339834,0.1361541,0.1982859,0.2388881,0.1738365,0.2547193,0.2807627,0.2882908,0.2788984,0.3108564,0.3523943,0.3795357,0.3528898,0.3778982,0.3529247,0.4430847,0.2607424,0.3590227
NA,2019,"Tottori","Jul",175,"GmWMC175","W2",14,0,0.0204518,0.0203137,0.025822,0.0217716,0.0250593,0.0234791,0.0284405,0.0347986,0.0460517,0.0528974,0.046576,0.0671603,0.0610066,0.0955938,0.0882014,0.1061979,0.1153347,0.1290562,0.1368801,0.1480342,0.2219077,0.2316894,0.198172,0.2697812,0.2763118,0.3247766,0.3174328,0.3640277,0.3936769,0.4065297,0.4135424,0.4210179,0.4292121,0.5210609,0.3807406,0.5292302
NA,2019,"Tottori","Jul",96,"GmJMC096","W2",15,0,0.016522,0.0126405,0.0160369,0.0145578,0.0208913,0.0232218,0.0230259,0.0239301,0.0283375,0.0300652,0.0323327,0.0463133,0.0525222,0.070107,0.0704801,0.0934515,0.0997192,0.1343678,0.1272328,0.1389115,0.2030321,0.2291967,0.1879586,0.2738925,0.2761435,0.2971167,0.2725666,0.3114413,0.3482139,0.3506602,0.3433443,0.324771,0.4392064,0.4762327,0.296096,0.3222231
NA,2019,"Tottori","Jul",9,"GmJMC009","W2",16,0,0.0171648,0.0143745,0.0212728,0.0186629,0.0222856,0.0209127,0.0186993,0.0204767,0.0177355,0.0231266,0.0227024,0.0240635,0.0229952,0.0370233,0.0330334,0.0458162,0.0506063,0.0703511,0.0594059,0.0699577,0.1023077,0.120308,0.0781908,0.1424015,0.1433212,0.1479577,0.123081,0.1447444,0.1787988,0.183621,0.1613708,0.1607241,0.1681207,0.1844798,0.1591004,0.1473084
NA,2019,"Tottori","Jul",153,"GmWMC153","W2",17,0,0.0146475,0.0149176,0.0182769,0.0153923,0.0162438,0.0173218,0.0165824,0.0224044,0.0253237,0.0304504,0.031078,0.0412541,0.0442584,0.0577412,0.0466581,0.0571484,0.0647117,0.0772105,0.0815978,0.0838796,0.1383584,0.1477135,0.1298948,0.1874603,0.173668,0.1932848,0.2053055,0.2069782,0.2317522,0.2479255,0.2506228,0.2773283,0.3035483,0.367862,0.3244807,0.3330835
NA,2019,"Tottori","Jul",10,"GmWMC010","W2",18,0,0.0220568,0.0177139,0.015119,0.0171573,0.0210202,0.021687,0.0146083,0.0312157,0.0288059,0.035609,0.0458924,0.0514397,0.0592834,0.077649,0.064714,0.0756516,0.0871488,0.1121894,0.1132086,0.1157506,0.1599049,0.1695876,0.1342154,0.2034136,0.1877264,0.1851263,0.16352,0.1750227,0.2189702,0.2350642,0.1947189,0.1804321,0.2034763,0.2517566,0.1926974,0.133158
NA,2019,"Tottori","Jul",80,"GmJMC080","W2",19,0,0.0115914,0.0114531,0.014253,0.0097235,0.0148775,0.0136071,0.0140661,0.0161226,0.0165529,0.0195728,0.0185286,0.0257456,0.0271571,0.0389801,0.031014,0.0434302,0.0484797,0.0793051,0.0698854,0.079521,0.1261646,0.1364516,0.1035954,0.1841803,0.1925338,0.1978592,0.1952882,0.2179793,0.2712633,0.2748463,0.2681326,0.2720323,0.2764288,0.3466724,0.3078343,0.2467443
NA,2019,"Tottori","Jul",74,"GmWMC074","W2",20,0,0.0066764,0.0077453,0.009615,0.0082353,0.007969,0.0103105,0.0099652,0.0118132,0.0145338,0.0214981,0.0261375,0.0320592,0.0394104,0.0451508,0.0271162,0.0367272,0.0385119,0.053285,0.0505276,0.0457862,0.0804655,0.0841147,0.073708,0.1237175,0.1331912,0.1412087,0.1444046,0.1499004,0.1812248,0.1942849,0.1924063,0.2057905,0.2193824,0.2608134,0.2520548,0.2420354
NA,2019,"Tottori","Jul",140,"GmWMC140","W2",21,0,0.0077977,0.0061321,0.0105651,0.0092476,0.0081897,0.013356,0.0120379,0.0155892,0.0189939,0.0215125,0.0218601,0.0294102,0.0345115,0.0427701,0.0386299,0.0480316,0.052214,0.0654501,0.0647974,0.0734834,0.103079,0.1250937,0.1073016,0.160166,0.1714506,0.1898474,0.1620958,0.190891,0.2339246,0.2647631,0.2618534,0.2517813,0.3028945,0.3729158,0.3205207,0.3256377
NA,2019,"Tottori","Jul",76,"GmJMC076","W2",22,0,0.0188907,0.0176603,0.0209201,0.0229284,0.0211255,0.0263802,0.0324506,0.0348146,0.0382887,0.0474424,0.0553852,0.0847964,0.0965145,0.1163338,0.115457,0.1350678,0.1503734,0.1511292,0.1865965,0.2132134,0.2559111,0.2718166,0.2384504,0.3215932,0.3273991,0.3588178,0.3928753,0.3951497,0.411137,0.4479746,0.437914,0.4004439,0.413351,0.5150314,0.4229329,0.4509237
NA,2019,"Tottori","Jul",59,"GmJMC059","W2",23,0,0.0181341,0.0139232,0.0227103,0.0187858,0.0190621,0.0227264,0.0252984,0.0278071,0.0331515,0.0501179,0.0424762,0.0569279,0.0638197,0.0824968,0.082418,0.1067305,0.1254859,0.1498494,0.1564839,0.1672952,0.2259335,0.2496251,0.1823888,0.2978039,0.3021057,0.3178094,0.3346363,0.3545702,0.3978863,0.4140314,0.3486089,0.3765175,0.2442921,0.3680611,0.3031951,0.3779292
NA,2019,"Tottori","Jul",1077,"C1329","W2",24,0,0.01462,0.0140345,0.0192244,0.0166972,0.0159083,0.0130014,0.0173033,0.0179378,0.0204098,0.0298934,0.0400484,0.0531563,0.0647837,0.0789621,0.0629158,0.0872469,0.1026379,0.1245844,0.1300761,0.1698625,0.219711,0.2470337,0.2019369,0.3062707,0.3193415,0.3277988,0.3032798,0.3496759,0.3842491,0.424079,0.4118781,0.4071019,0.48986,0.5310474,0.334308,0.4761332
NA,2019,"Tottori","Jul",39,"GmJMC039","W2",25,0,0.0214025,0.0202458,0.0313013,0.0219983,0.0202177,0.0279977,0.0311149,0.0315211,0.0375878,0.044627,0.0440788,0.0650065,0.0685333,0.0902213,0.0734512,0.1074775,0.1234706,0.1204251,0.1329375,0.1529527,0.2252719,0.2434585,0.2001449,0.2903565,0.2882352,0.3249247,0.3262334,0.3260888,0.3686602,0.3987115,0.3683211,0.3227556,0.3985154,0.4025722,0.2227901,0.3257738
NA,2019,"Tottori","Jul",224,"5002T","W2",26,0,0.0064104,0.0061459,0.0058366,0.006233,0.0058772,0.0065124,0.0072856,0.0074287,0.0130332,0.0174265,0.0195173,0.0331153,0.0369145,0.050752,0.0429998,0.0454947,0.0584562,0.0668139,0.0749408,0.0792575,0.1140262,0.1352164,0.1017957,0.1469393,0.1686468,0.1587622,0.1571588,0.1831997,0.2131416,0.2406576,0.1954126,0.2008947,0.2101194,0.2496663,0.1460054,0.1510493
NA,2019,"Tottori","Jul",21,"GmJMC021","W2",27,0,0.0188541,0.0152178,0.0202571,0.0231982,0.0265614,0.0302255,0.0318773,0.0341085,0.0359036,0.0523156,0.0480742,0.0721757,0.078065,0.0948902,0.0985969,0.1128772,0.1224505,0.1403271,0.1670369,0.1737783,0.2231908,0.2518636,0.1814805,0.2602271,0.2358753,0.2584045,0.2205032,0.2547895,0.2924535,0.3095369,0.2338027,0.2269928,0.2762204,0.2428097,0.1950823,0.162234
NA,2019,"Tottori","Jul",134,"GmWMC134","W2",28,0,0.0058012,0.0070046,0.0069573,0.0107663,0.0106064,0.0121521,0.009955,0.0129564,0.0167425,0.0176997,0.0200303,0.0269323,0.0318119,0.035694,0.0444204,0.0483327,0.0499444,0.0634459,0.0714377,0.0778299,0.1051067,0.1230024,0.1069019,0.14255,0.1610347,0.158996,0.155732,0.1741293,0.1969176,0.2175838,0.2022158,0.2254883,0.2283834,0.2733883,0.2670453,0.2458696
NA,2019,"Tottori","Jul",139,"GmJMC139","W2",29,0,0.0132715,0.0120069,0.0160311,0.0184728,0.0177208,0.0229286,0.0294182,0.030398,0.0339092,0.0470112,0.0551647,0.0729004,0.0780098,0.0929623,0.0991553,0.1033581,0.1288826,0.1529202,0.1603545,0.1623843,0.2359975,0.2537812,0.1789141,0.3093303,0.317843,0.3247155,0.2967156,0.3454024,0.3873468,0.419677,0.3807287,0.4078952,0.4570299,0.4868103,0.4324629,0.4750896
NA,2019,"Tottori","Jul",126,"GmJMC126","W2",30,0,0.0228015,0.0157011,0.0215904,0.0194358,0.0217675,0.029636,0.028022,0.0273147,0.0330636,0.048806,0.044787,0.0663103,0.0744574,0.0910949,0.1112398,0.1068357,0.1295687,0.1556284,0.1766344,0.1936074,0.2663939,0.2718037,0.2046724,0.3263034,0.3347918,0.3430078,0.3054272,0.3595432,0.433902,0.4511832,0.4081242,0.4126663,0.4786846,0.510331,0.3651121,0.4369649
NA,2019,"Tottori","Jul",105,"GmJMC105","W2",31,0,0.0178483,0.0123257,0.0216039,0.0265872,0.0201229,0.0246983,0.0263002,0.0222296,0.0318173,0.054192,0.0463176,0.0692696,0.0652458,0.0776997,0.0875853,0.0932933,0.1160338,0.1318661,0.1292746,0.1349622,0.2085639,0.2054147,0.1791993,0.2691438,0.2794903,0.3260218,0.2708449,0.3296369,0.3811568,0.402028,0.3629256,0.3460976,0.4471818,0.4878776,0.3683643,0.3840814
NA,2019,"Tottori","Jul",31,"GmJMC031","W2",32,0,0.0198319,0.0171631,0.0212014,0.0159552,0.022136,0.0224627,0.0254631,0.0266503,0.0307636,0.0420408,0.0382427,0.0606895,0.0647127,0.089011,0.0920741,0.1127974,0.1368049,0.1427605,0.1622393,0.1674961,0.2471152,0.2747015,0.24126,0.3204127,0.3590688,0.3577619,0.3784248,0.4178417,0.4537311,0.4620469,0.470901,0.4195797,0.506241,0.525135,0.4840862,0.4215392
NA,2019,"Tottori","Jul",14,"GmWMC014","W2",33,0,0.0081953,0.0071048,0.0086766,0.0094115,0.0094349,0.0126307,0.0132706,0.0125983,0.0154966,0.0229255,0.0212699,0.0265989,0.0285075,0.038298,0.0356546,0.0462392,0.0553634,0.0626348,0.058495,0.0597678,0.0929531,0.1008754,0.0787633,0.1106259,0.1271487,0.1264271,0.1269405,0.1470811,0.1551348,0.1766329,0.1631527,0.179271,0.1826211,0.20639,0.2004621,0.1617647
NA,2019,"Tottori","Jul",68,"GmJMC068","W2",34,0,0.0171201,0.0143005,0.0124789,0.0137107,0.0157848,0.0244375,0.021521,0.0209976,0.0257003,0.0362182,0.0496181,0.0563761,0.0551988,0.0703214,0.0709354,0.0821789,0.1031567,0.1215609,0.1418525,0.1373049,0.2125403,0.2267954,0.1891654,0.2629732,0.2604976,0.2804937,0.2971385,0.3320488,0.3330348,0.3667222,0.3039243,0.3034611,0.2702079,0.3806635,0.3614925,0.332573
NA,2019,"Tottori","Jul",142,"GmWMC142","W2",35,0,0.0092877,0.0105599,0.0101999,0.0160019,0.0170271,0.0159472,0.0147405,0.0178195,0.0217597,0.0241052,0.0329659,0.0440504,0.0499916,0.0684051,0.0550862,0.0899542,0.1015821,0.1316488,0.1259246,0.1246625,0.1996612,0.2224386,0.1566954,0.2770024,0.3054018,0.2853743,0.2796522,0.3346301,0.3573613,0.3829885,0.3275251,0.4003009,0.4159125,0.4881031,0.3994004,0.4812104
NA,2019,"Tottori","Jul",53,"GmJMC053","W2",36,0,0.0126535,0.0129533,0.0113608,0.0114887,0.011144,0.0176763,0.0186853,0.0176934,0.0195092,0.0202899,0.0236804,0.0365847,0.0426038,0.0496778,0.0438692,0.0616139,0.0545041,0.0771648,0.0998749,0.0799174,0.1234336,0.1506149,0.0979676,0.1829619,0.1719547,0.1802982,0.1751586,0.2006763,0.2160162,0.2740166,0.241113,0.255478,0.2666146,0.3272112,0.2476114,0.2715005
NA,2019,"Tottori","Jul",70,"GmWMC070","W2",37,0,0.0099469,0.0093902,0.014483,0.0156725,0.0136082,0.0216083,0.0217442,0.0267972,0.0259979,0.0334766,0.0324267,0.0444076,0.0478378,0.0543264,0.0462777,0.0672174,0.0572122,0.0861793,0.0878245,0.0851221,0.1367706,0.1665358,0.1268407,0.2021462,0.2029532,0.1799031,0.157521,0.18647,0.2065813,0.2457386,0.2017776,0.1885234,0.2203047,0.2110669,0.1711026,0.2069522
NA,2019,"Tottori","Jul",20,"GmWMC020","W2",38,0,0,2.41e-05,2.26e-05,3.11e-05,0,2.5e-05,8.45e-05,0.0012656,0.0058816,0,0.0002157,0.0004267,0.0023924,0.0038864,0.0030522,0.0070912,9.7e-06,8.82e-05,0.0012599,0.0003797,0.0016789,0.0026221,0.0010312,0.0040693,0.0041784,0.006115,0.0040988,0.0047795,0.0046058,0.0063236,0.0040686,0.0075706,0.0046254,0.0047373,0.0053447,0.00873
NA,2019,"Tottori","Jul",100,"GmJMC100","W2",39,0,0.0089741,0.013063,0.0149634,0.010196,0.0119345,0.0186878,0.0197651,0.0242088,0.0231915,0.0297265,0.0276664,0.0428759,0.0471712,0.0561407,0.0486356,0.0742721,0.0928109,0.1248145,0.1165323,0.1177637,0.1746512,0.2131139,0.1240608,0.2585052,0.270911,0.2845796,0.2719781,0.3170057,0.3508614,0.3750819,0.3056683,0.363121,0.4152504,0.4561495,0.3887367,0.3147253
NA,2019,"Tottori","Jul",1,"GmWMC001","W2",40,0,0.015445,0.015151,0.0186037,0.0172875,0.0192911,0.019807,0.0174935,0.0190817,0.0261498,0.0290224,0.0296199,0.0507051,0.0471523,0.0561566,0.0517753,0.0537289,0.0563014,0.0843257,0.0769907,0.071369,0.1047044,0.1087654,0.0509946,0.1041051,0.1079771,0.1141267,0.0685175,0.0951541,0.0949398,0.1117045,0.0817423,0.0871229,0.0865035,0.0947059,0.1017188,0.0958186
NA,2019,"Tottori","Jul",128,"GmJMC128","W2",41,0,0.0044301,0.0038246,0.006286,0.0080838,0.0092707,0.006936,0.0080477,0.0075889,0.0106164,0.013053,0.0154415,0.0199345,0.0271969,0.0304058,0.0288065,0.0385837,0.0384814,0.0489754,0.0568676,0.0541125,0.0903268,0.0940114,0.0631374,0.1082536,0.1237874,0.1384705,0.1156287,0.1382811,0.1435362,0.1823579,0.1313905,0.168073,0.1802844,0.2013974,0.1544306,0.1619269
NA,2019,"Tottori","Jul",82,"GmJMC082","W2",42,0,0.0059362,0.0048314,0.0075514,0.0064234,0.0061894,0.0111479,0.0138882,0.015405,0.0191608,0.0236298,0.0185672,0.0288021,0.0364031,0.0477867,0.0373291,0.0455256,0.057737,0.0508531,0.0783382,0.0743128,0.1170117,0.1320555,0.0999072,0.1496686,0.1622601,0.1718262,0.1548926,0.2022887,0.2193091,0.2408547,0.2398807,0.2566122,0.2873733,0.3510989,0.3358885,0.2849746
NA,2019,"Tottori","Jul",151,"GmWMC151","W2",43,0,0.0107923,0.011726,0.0131774,0.0121844,0.0111775,0.0186671,0.015172,0.0176858,0.021403,0.0265327,0.0300084,0.0425685,0.0410261,0.0653015,0.0527786,0.0760959,0.0706342,0.1082986,0.1269211,0.119837,0.2085552,0.2337139,0.1535518,0.2688003,0.2818283,0.2871811,0.2841216,0.3253431,0.3593904,0.3944133,0.3552772,0.3982867,0.4582158,0.5315874,0.5204835,0.4684067
NA,2019,"Tottori","Jul",172,"GmJMC172","W2",44,0,0.0032549,0.0042746,0.0047558,0.0071275,0.0063972,0.0102786,0.0095578,0.0087927,0.0100034,0.0138947,0.0155321,0.0227637,0.0251732,0.0380131,0.0305688,0.0461561,0.0411121,0.0732831,0.0665538,0.0654468,0.1371813,0.1562482,0.1003475,0.1842496,0.2090938,0.2098391,0.1909001,0.225173,0.2715683,0.2980574,0.2989345,0.2915262,0.32545,0.408848,0.3814061,0.2993966
NA,2019,"Tottori","Jul",56,"GmJMC056","W2",45,0,0.0069225,0.0076237,0.0102578,0.0123389,0.0125401,0.0164471,0.0173967,0.0150731,0.025772,0.033249,0.0337886,0.0388881,0.0494353,0.0727992,0.0571567,0.0699607,0.0673863,0.0935723,0.088525,0.0969787,0.1558639,0.1685874,0.1314092,0.1938699,0.2315859,0.2335999,0.2110116,0.2279377,0.2666357,0.2997386,0.2520211,0.2762419,0.3154961,0.3424912,0.3145822,0.2622239
NA,2019,"Tottori","Jul",125,"GmWMC125","W2",46,0,0.0162686,0.0146963,0.0188336,0.02047,0.0253513,0.03195,0.0341561,0.0361309,0.0398311,0.0559997,0.0610554,0.0865696,0.0739467,0.090263,0.1056261,0.1226568,0.1357581,0.1753527,0.1899274,0.210715,0.2604214,0.2957646,0.27388,0.3399024,0.3495468,0.3636332,0.3344743,0.4117372,0.4384933,0.4870558,0.4225393,0.4271426,0.5217263,0.520175,0.438697,0.3996896
NA,2019,"Tottori","Jul",58,"GmJMC058","W2",47,0,0.0067834,0.0093001,0.0105502,0.0084931,0.0075761,0.0082195,0.0089077,0.0142374,0.0080963,0.0143241,0.0220552,0.0208134,0.0258836,0.0362291,0.0300046,0.0432656,0.0361139,0.0778173,0.0661405,0.0757809,0.1321334,0.1646468,0.0919038,0.1867554,0.2481077,0.2383081,0.2026627,0.2694432,0.3050145,0.3377659,0.2508653,0.2943666,0.3000897,0.3657715,0.2181719,0.3028181
NA,2019,"Tottori","Jul",117,"GmJMC117","W2",48,0,0.0075348,0.0088009,0.0098886,0.0135217,0.0110511,0.0148735,0.0160267,0.0170102,0.021561,0.0255424,0.0278234,0.0341505,0.0475729,0.061768,0.0616487,0.0724083,0.0699073,0.0998199,0.1125076,0.1137734,0.1833961,0.210524,0.1718739,0.2331999,0.2444194,0.2332597,0.2426499,0.2788838,0.3086854,0.3466898,0.2537276,0.3082449,0.3608794,0.4125676,0.2728239,0.2856836
NA,2019,"Tottori","Jul",5,"GmJMC005","W2",49,0,0.0099031,0.0111448,0.0123136,0.0142621,0.0165704,0.02288,0.0208317,0.0288206,0.0291236,0.0381332,0.0322621,0.0431065,0.0502001,0.0580194,0.0602853,0.0709474,0.0717099,0.0994999,0.097869,0.1068638,0.1510174,0.1659418,0.1253825,0.1721843,0.1781744,0.1645572,0.1387325,0.1733204,0.1976583,0.207531,0.0966294,0.1515848,0.1233142,0.1715171,0.1030406,0.1403967
NA,2019,"Tottori","Jul",60,"GmJMC060","W2",50,0,0.0080525,0.0110382,0.0138561,0.0163292,0.0127783,0.0227645,0.0263484,0.0268118,0.027402,0.0471109,0.0479908,0.0572498,0.0734202,0.0840969,0.0795606,0.1072501,0.0931672,0.1465743,0.1400901,0.151904,0.2073124,0.2220162,0.2329111,0.289211,0.2912798,0.295631,0.2741187,0.319962,0.3234987,0.3482954,0.2580887,0.3196451,0.3957674,0.3962083,0.2599268,0.3207075
NA,2019,"Tottori","Jul",87,"GmWMC087","W2",51,0,0.0014044,0.0018324,0.003709,0.0020661,0.0046545,0.0066048,0.0061596,0.0052156,0.007248,0.0075967,0.011795,0.0144192,0.0149347,0.0175018,0.0115148,0.0260518,0.0216633,0.0345849,0.030146,0.0266503,0.0443274,0.0491726,0.0282374,0.0721136,0.0885037,0.0764043,0.0676526,0.0709197,0.0948534,0.1216318,0.103469,0.1319364,0.1410825,0.1696498,0.1429107,0.1796943
NA,2019,"Tottori","Jul",178,"GmWMC178","W2",52,0,0.0095061,0.0094317,0.0136725,0.012495,0.0163433,0.017179,0.0252845,0.0202253,0.022663,0.032312,0.037671,0.0410535,0.031325,0.0534902,0.0499363,0.06991,0.084644,0.1084996,0.1009195,0.1056332,0.14826,0.1607713,0.1220659,0.1862938,0.1826669,0.2079862,0.2140148,0.2333248,0.2863434,0.2844517,0.3077991,0.3232519,0.3459819,0.435823,0.3768436,0.3380167
NA,2019,"Tottori","Jul",55,"GmJMC055","W2",53,0,0.0043002,0.0035675,0.0035604,0.002999,0.0041948,0.0061693,0.007519,0.0089211,0.0107744,0.0128103,0.0116389,0.0152217,0.0177877,0.0271528,0.015352,0.0260892,0.0318347,0.0420958,0.0379014,0.0298967,0.0560083,0.05865,0.0375314,0.0674616,0.0796015,0.0637373,0.0500208,0.0703962,0.0878682,0.1016707,0.0982406,0.0972821,0.1141127,0.1236271,0.1120244,0.1164801
NA,2019,"Tottori","Jul",62,"GmJMC062","W2",54,0,0.021747,0.0153164,0.025935,0.0317823,0.0326425,0.0357769,0.0397649,0.0408616,0.0484914,0.0496286,0.0514994,0.0566348,0.0689709,0.0901502,0.0743491,0.1073279,0.1187754,0.1508827,0.1501069,0.1783089,0.2392098,0.2389109,0.1875229,0.2787802,0.2828825,0.2886561,0.2899956,0.3082835,0.349013,0.3267777,0.3573238,0.3530205,0.4121427,0.5045539,0.3942614,0.3103065
NA,2019,"Tottori","Jul",25,"GmJMC025","W2",55,0,0.0115373,0.0102539,0.015135,0.0139116,0.0177823,0.0191243,0.020035,0.0246247,0.0306369,0.0408159,0.037987,0.0374058,0.0480761,0.0625719,0.0448808,0.0761724,0.0813213,0.1089266,0.102275,0.1161955,0.1866481,0.1790528,0.1095558,0.2150926,0.2256431,0.2041853,0.1894901,0.2111531,0.2410206,0.2489344,0.2276594,0.2513305,0.2886929,0.3312607,0.2651858,0.2098261
NA,2019,"Tottori","Jul",79,"GmJMC079","W2",56,0,0.016059,0.0116653,0.0197679,0.0133351,0.0158101,0.0184545,0.0163196,0.0200436,0.0245109,0.0236454,0.0258851,0.0331256,0.0363078,0.0474437,0.0384415,0.0587752,0.0570935,0.0908141,0.0672545,0.0805324,0.1253225,0.1240788,0.077161,0.1390706,0.13531,0.1196004,0.1086173,0.1459524,0.1833964,0.2003247,0.1816617,0.20379,0.2075687,0.2551899,0.219077,0.1730781
NA,2019,"Tottori","Jul",102,"GmJMC102","W2",57,0,0.0069571,0.0062062,0.0046574,0.0047187,0.0051438,0.0090611,0.0109663,0.0141333,0.014114,0.0131887,0.015483,0.0162844,0.0187425,0.0226221,0.0218074,0.0293212,0.030403,0.0314877,0.0338663,0.0326047,0.0516139,0.0617457,0.0420946,0.0677876,0.0734765,0.0637568,0.0630551,0.0660908,0.070449,0.0892479,0.0754121,0.082651,0.0876089,0.1149223,0.0799888,0.0816453
NA,2019,"Tottori","Jul",148,"GmWMC148","W2",58,0,0.0208441,0.0164473,0.0273574,0.0274394,0.0333609,0.0419897,0.0549551,0.0516959,0.0579459,0.0655178,0.0502174,0.0627693,0.0749136,0.0860196,0.078035,0.1139471,0.139204,0.1643013,0.1635847,0.1737236,0.2332929,0.2651196,0.2118733,0.2962261,0.3074992,0.3259077,0.3277851,0.3509202,0.3867171,0.3983746,0.4174191,0.3962496,0.4275626,0.5387869,0.4455282,0.3833685
NA,2019,"Tottori","Jul",206,"C1290","W2",59,0,0.0081904,0.0073482,0.0104777,0.0129023,0.0132416,0.0148583,0.020912,0.0224071,0.0292389,0.034914,0.0301598,0.0427282,0.0533227,0.0617674,0.0763012,0.0807786,0.1009962,0.1200746,0.1494236,0.1660397,0.1902383,0.2019817,0.2061742,0.2443176,0.2461079,0.2613066,0.2858613,0.2841748,0.3234321,0.318123,0.3636021,0.3260253,0.3831109,0.4739813,0.3886161,0.3555579
NA,2019,"Tottori","Jul",191,"GmWMC191","W2",60,0,0.0074618,0.0087157,0.012516,0.0104631,0.0139516,0.0201391,0.0228171,0.0200826,0.0301855,0.0342377,0.033399,0.048571,0.0710675,0.0773039,0.0676839,0.0907243,0.0908222,0.1171332,0.1334716,0.1522776,0.2055005,0.2160284,0.1914275,0.2544848,0.2494261,0.2821131,0.2923463,0.314788,0.3205459,0.3220939,0.3726945,0.3666067,0.3896398,0.5008595,0.3506638,0.3469399
NA,2019,"Tottori","Jul",35,"GmWMC035","W2",61,0,0.0172409,0.0155317,0.0206796,0.0236363,0.0255228,0.0273687,0.0425846,0.0450845,0.0540238,0.0651406,0.0513758,0.0817436,0.0856917,0.099489,0.1068002,0.1292685,0.1652528,0.1666146,0.2071502,0.2276239,0.2858582,0.3027734,0.2834824,0.3474061,0.3370035,0.3528711,0.3983213,0.41945,0.4691149,0.4346923,0.4340682,0.4602828,0.4618934,0.5321583,0.4509571,0.4960736
NA,2019,"Tottori","Jul",174,"GmWMC174","W2",62,0,0.0149473,0.0143051,0.0158725,0.0148844,0.0160571,0.0207771,0.0313157,0.0294422,0.0375553,0.0455832,0.0421588,0.0715757,0.081685,0.1150586,0.1041412,0.1304561,0.1690205,0.1831103,0.2119358,0.2425987,0.3271064,0.3547213,0.2822816,0.3937714,0.4072159,0.4089808,0.4503037,0.4649521,0.5482832,0.5347842,0.5235601,0.5265902,0.6215241,0.7801018,0.6228303,0.6459445
NA,2019,"Tottori","Jul",72,"GmWMC072","W2",63,0,0.0182792,0.0165902,0.024545,0.0220205,0.0202889,0.031093,0.0367177,0.0406702,0.0413894,0.0590596,0.0477001,0.0844243,0.0882741,0.1146941,0.106605,0.133119,0.1363983,0.1594479,0.1827985,0.2044908,0.2525134,0.2701108,0.2369323,0.3225903,0.3231031,0.3487108,0.3584088,0.3815457,0.418359,0.4676621,0.4409892,0.4148075,0.4939431,0.6602166,0.453658,0.4726874
NA,2019,"Tottori","Jul",110,"GmJMC110","W2",64,0,0.0142832,0.0118981,0.0206775,0.0177544,0.0241153,0.0298269,0.0402182,0.0514778,0.0491537,0.0750064,0.0589155,0.0990831,0.1166948,0.1205692,0.1261993,0.1445869,0.1494089,0.134414,0.2115546,0.2510178,0.286648,0.3215075,0.290059,0.3474076,0.3505343,0.3629928,0.4048795,0.4250789,0.4517536,0.4683823,0.4667985,0.5270621,0.5685486,0.673919,0.5122355,0.5572315
NA,2019,"Tottori","Jul",30,"GmJMC030","W2",65,0,0.0083993,0.0081261,0.0136675,0.0121196,0.0154999,0.0169771,0.0193983,0.0237506,0.0278512,0.0307405,0.0290849,0.0355769,0.0549207,0.0603788,0.0604437,0.0711783,0.0969369,0.1030992,0.1090565,0.1256107,0.1805002,0.1854592,0.1344176,0.2003598,0.2272738,0.2263375,0.237167,0.234115,0.2797111,0.2711267,0.2618288,0.2313539,0.2470625,0.2834958,0.2342875,0.2404118
NA,2019,"Tottori","Jul",155,"GmWMC155","W2",66,0,0.0114737,0.0079832,0.0146229,0.0117449,0.0131082,0.0172361,0.0214652,0.0236372,0.0292042,0.0367561,0.0272624,0.0513663,0.0542135,0.0596936,0.0654651,0.0825742,0.0938939,0.1150279,0.1301726,0.1582261,0.2136194,0.2383943,0.2141575,0.2682517,0.2990229,0.2986829,0.3187021,0.3491757,0.3952318,0.391702,0.4618438,0.4165462,0.5164248,0.6136427,0.5755259,0.4746484
NA,2019,"Tottori","Jul",86,"GmWMC086","W2",67,0,0.0083534,0.0077597,0.0107232,0.0116533,0.0111858,0.0137565,0.0160064,0.0204434,0.0232199,0.0351137,0.0292401,0.0450147,0.0602058,0.0736409,0.0626098,0.0935888,0.1063813,0.1234429,0.1231184,0.1603797,0.1998931,0.2090608,0.1446272,0.2304374,0.2259368,0.2270122,0.2047602,0.2038027,0.261935,0.2283825,0.2102802,0.209095,0.2414615,0.2470202,0.2186122,0.1748079
NA,2019,"Tottori","Jul",164,"GmWMC164","W2",68,0,0.0133785,0.0120011,0.0119127,0.0122165,0.017066,0.0231251,0.0312688,0.0310903,0.0379442,0.0508412,0.039003,0.0682644,0.0769348,0.0902667,0.0900509,0.107235,0.1221228,0.1170749,0.1491699,0.1658389,0.2098848,0.218296,0.225861,0.2695648,0.2753811,0.2914847,0.3086626,0.3105976,0.3737384,0.3925328,0.4017781,0.3931268,0.4612728,0.560147,0.4598032,0.3970182
NA,2019,"Tottori","Jul",146,"GmWMC146","W2",69,0,0.0052667,0.0046293,0.0029466,0.0048998,0.0055958,0.0091848,0.0114003,0.0123593,0.0145788,0.0204653,0.0156331,0.0288107,0.0322152,0.042035,0.0356481,0.0499388,0.0530151,0.0563764,0.0765012,0.086266,0.1086755,0.1158047,0.1126324,0.1473755,0.1579029,0.1635163,0.1700568,0.1821743,0.2038836,0.2074916,0.2284129,0.2250112,0.269221,0.333389,0.2658082,0.2886648
NA,2019,"Tottori","Jul",38,"GmWMC038","W2",70,0,0.007143,0.0065703,0.010982,0.0078691,0.0101221,0.0126156,0.0179103,0.0224872,0.0232134,0.0289511,0.0322999,0.0487629,0.0641555,0.0791038,0.0816989,0.0946957,0.1119629,0.1315079,0.1470111,0.1782557,0.2268776,0.2222099,0.2017124,0.2665507,0.2954239,0.2567406,0.2912338,0.2987736,0.3504662,0.3334412,0.3431455,0.3229433,0.3532384,0.3928639,0.2908181,0.3192117
NA,2019,"Tottori","Jul",138,"GmWMC138","W2",71,0,0.011881,0.0118858,0.0112381,0.0132833,0.0095343,0.0151804,0.0227624,0.030467,0.0396114,0.0462624,0.0423082,0.0605108,0.0708434,0.0745409,0.0932289,0.1011589,0.1210122,0.125327,0.1559319,0.1790981,0.2095978,0.2343833,0.2305791,0.2579672,0.2801916,0.2916915,0.3076315,0.3111518,0.3464292,0.3856385,0.4027732,0.3668619,0.4238755,0.5241362,0.4493427,0.4148287
NA,2019,"Tottori","Jul",186,"GmWMC186","W2",72,0,0.009447,0.0088892,0.0100309,0.0093537,0.0098739,0.0110505,0.0130496,0.017511,0.0233204,0.0285087,0.0254537,0.0456619,0.0474008,0.0647328,0.0603024,0.0915612,0.0935905,0.1134663,0.1122613,0.1301163,0.1760349,0.1975288,0.1317742,0.2256082,0.260902,0.2430744,0.2473036,0.2792899,0.3292216,0.3363793,0.3556956,0.3612071,0.3881268,0.4833684,0.4044197,0.3574677
NA,2019,"Tottori","Jul",183,"GmWMC183","W2",73,0,0.0048255,0.0042223,0.0078783,0.0095303,0.0071982,0.010741,0.0123532,0.0214268,0.0167831,0.0264971,0.0260741,0.0450162,0.046498,0.060592,0.0442532,0.0538076,0.0719859,0.0721501,0.0977519,0.1133198,0.1454132,0.1488928,0.1179934,0.1846593,0.1876867,0.1938594,0.1940658,0.215215,0.2504467,0.2877299,0.2926703,0.343669,0.3588818,0.4602395,0.3955903,0.4738064
NA,2019,"Tottori","Jul",227,"Tachiutaka","W2",74,0,0.0136678,0.0092396,0.015761,0.0143764,0.0141368,0.0179638,0.0203816,0.0198435,0.0305913,0.0328735,0.0352724,0.0459237,0.0510496,0.0630042,0.0538157,0.0710222,0.093747,0.1020893,0.118808,0.1212294,0.1758595,0.2156819,0.1622614,0.2336207,0.2459142,0.2640556,0.2131122,0.2651283,0.3235431,0.3445359,0.2565152,0.2665907,0.3119635,0.3679856,0.2718968,0.2992775
NA,2019,"Tottori","Jul",221,"C0394","W2",75,0,0.0135101,0.0112392,0.015466,0.0178859,0.0221171,0.0252417,0.027406,0.0300841,0.0308082,0.0469039,0.0436679,0.070274,0.0739853,0.0889037,0.0926187,0.1015704,0.1306002,0.1149888,0.1611535,0.1736074,0.2038613,0.2094853,0.1821341,0.2303845,0.2184534,0.2612326,0.2599029,0.2853474,0.322026,0.3554073,0.3195802,0.3064579,0.3430344,0.4028123,0.3353695,0.3643274
NA,2019,"Tottori","Jul",69,"GmJMC069","W2",76,0,0.021141,0.016628,0.0253011,0.0227502,0.0304414,0.0312302,0.0439695,0.0471988,0.0438349,0.06274,0.0683019,0.1029894,0.1140953,0.1469586,0.141908,0.1527257,0.1870735,0.1946155,0.2404722,0.2704492,0.3219328,0.328902,0.2945869,0.3829562,0.3702706,0.3968107,0.4135297,0.4459891,0.4797457,0.5502752,0.4571192,0.4292484,0.4974581,0.5529989,0.458647,0.4568109
NA,2019,"Tottori","Jul",189,"GmWMC189","W2",77,0,0.0103772,0.0102662,0.0166473,0.0122676,0.0150183,0.0146446,0.0187807,0.0216855,0.019751,0.032824,0.0343356,0.0435836,0.0504109,0.0677154,0.064276,0.0827454,0.0995554,0.1018748,0.1360118,0.1448367,0.1919394,0.2075348,0.1748834,0.2412638,0.2522196,0.2529406,0.2708839,0.2837469,0.3045221,0.3150251,0.3289779,0.3355473,0.386188,0.4476334,0.3860423,0.4316645
NA,2019,"Tottori","Jul",149,"GmJMC149","W2",78,0,0.0246112,0.0215331,0.0300595,0.0264371,0.0359037,0.0361124,0.0380922,0.0520471,0.0489743,0.0615024,0.073465,0.0952466,0.1022233,0.1309638,0.1210923,0.1590298,0.1894911,0.2091558,0.2210277,0.2477778,0.336245,0.3523134,0.3079703,0.3964899,0.3901575,0.4416103,0.4100759,0.4400727,0.5126013,0.520256,0.50765,0.5013523,0.6176165,0.7153522,0.5786511,0.5721638
NA,2019,"Tottori","Jul",131,"GmJMC131","W2",79,0,0.0179648,0.0167999,0.0235218,0.0254316,0.0243783,0.0314863,0.0301902,0.0393324,0.0450731,0.0542479,0.0550592,0.0747784,0.0919659,0.1037165,0.1038036,0.1214943,0.1469558,0.1523561,0.1767164,0.1961733,0.2542142,0.2665739,0.2219058,0.3298973,0.3080547,0.3441366,0.325774,0.386131,0.4222393,0.4342756,0.4563141,0.4039292,0.500947,0.576814,0.4589429,0.5061523
NA,2019,"Tottori","Jul",23,"GmJMC023","W2",80,0,0.0158472,0.0128647,0.0196872,0.0206028,0.0220689,0.0270821,0.0336615,0.0390626,0.0446185,0.0538621,0.0493488,0.0708454,0.0780586,0.0903109,0.0850217,0.093267,0.1011748,0.109572,0.1204953,0.1363743,0.1795521,0.1854391,0.1620196,0.2236359,0.220438,0.2574767,0.2632039,0.274998,0.2969696,0.2875611,0.2908334,0.2695558,0.3040269,0.3031513,0.2924037,0.2808725
NA,2019,"Tottori","Jul",18,"GmWMC018","W2",81,0,0.0043933,0.0039862,0.0047683,0.0035577,0.0050151,0.0071543,0.0088555,0.0076555,0.0100117,0.0131581,0.0122304,0.0217494,0.0206191,0.0289346,0.0242665,0.0313777,0.0332636,0.0377094,0.0473034,0.0543001,0.0686936,0.061646,0.0579533,0.0797617,0.0867041,0.0965023,0.1096458,0.1134868,0.1213205,0.1116356,0.1170907,0.1208031,0.1160474,0.124474,0.1090063,0.1114908
NA,2019,"Tottori","Jul",33,"GmJMC033","W2",82,0,0.010764,0.0090491,0.0128549,0.0156919,0.0171167,0.0177713,0.0228526,0.0214388,0.0246335,0.033594,0.0290878,0.0444633,0.0490873,0.0582304,0.0445775,0.0591019,0.0749474,0.0760652,0.094345,0.1002848,0.1379716,0.1396466,0.0841104,0.1453289,0.1518538,0.1528679,0.1166763,0.1375372,0.174096,0.1692205,0.141791,0.1524609,0.1610767,0.1570757,0.1547614,0.139265
NA,2019,"Tottori","Jul",176,"GmWMC176","W2",83,0,0.0120255,0.0105887,0.0160777,0.0177693,0.0185172,0.0206512,0.0260345,0.0175948,0.0267479,0.0359626,0.0343039,0.0528929,0.0583801,0.0633008,0.0719879,0.0800578,0.1141704,0.1127208,0.1521611,0.1719825,0.2133857,0.2304262,0.2227197,0.2714888,0.2914315,0.2881712,0.3066241,0.3123152,0.3585828,0.3690712,0.3639512,0.402104,0.4567821,0.5338218,0.4484813,0.4593002
NA,2019,"Tottori","Jul",32,"GmJMC032","W2",84,0,0.0100227,0.0080831,0.0116914,0.0130038,0.0147114,0.0169648,0.0207859,0.0150177,0.0160861,0.0223026,0.0240827,0.0347474,0.0341573,0.0379137,0.034398,0.0390508,0.0608072,0.07475,0.0578915,0.0610537,0.1074013,0.1267533,0.093271,0.1400195,0.1565388,0.1587543,0.1546265,0.1576071,0.1992847,0.2188855,0.1796192,0.2224457,0.2372045,0.2811762,0.2423711,0.2515138
NA,2019,"Tottori","Jul",118,"GmWMC118","W2",85,0,0.009311,0.0075064,0.0143367,0.0130009,0.0166051,0.0181218,0.0216468,0.0175349,0.0198441,0.0297951,0.0286179,0.0431561,0.0467169,0.0555025,0.0546719,0.0682404,0.0901871,0.1025827,0.109988,0.1217566,0.1644857,0.1751492,0.131342,0.1937782,0.2115115,0.2173889,0.197073,0.2267082,0.2696309,0.2788202,0.2656327,0.2824294,0.2961579,0.3254334,0.286161,0.3121165
NA,2019,"Tottori","Jul",83,"GmWMC083","W2",86,0,0.0039023,0.0042162,0.0057913,0.0049361,0.0062089,0.0056875,0.0063759,0.0081799,0.008811,0.0156999,0.0109893,0.0166491,0.0198768,0.0244743,0.0139439,0.0263934,0.0351244,0.0368357,0.0415701,0.0393709,0.0600651,0.0640263,0.0412401,0.0777398,0.0804082,0.0741655,0.0696656,0.0751936,0.1037727,0.0927055,0.089327,0.1031747,0.1156754,0.1404948,0.1012156,0.1442116
NA,2019,"Tottori","Jul",226,"Houjaku Kuwazu","W2",87,0,0.018013,0.0140691,0.0215905,0.0215267,0.0201499,0.0220232,0.0254309,0.0252642,0.0172276,0.0282214,0.0341756,0.0413248,0.0385063,0.0508715,0.0395798,0.0634971,0.0786224,0.0786145,0.0747118,0.0866963,0.1226795,0.1329108,0.1015079,0.1652207,0.1601659,0.1646769,0.1729531,0.1863921,0.2171854,0.2211724,0.210202,0.2684751,0.2641246,0.3036483,0.2171874,0.2673543
NA,2019,"Tottori","Jul",64,"GmJMC064","W2",88,0,0.0083149,0.0089691,0.010494,0.0090893,0.0088677,0.0118988,0.0108157,0.0125828,0.0104283,0.0139973,0.0112484,0.0131505,0.0183362,0.0243594,0.0156041,0.024183,0.0271106,0.0394489,0.0283156,0.0275436,0.0618257,0.068109,0.0289016,0.0799831,0.0991202,0.0892418,0.0676613,0.0880201,0.1032611,0.1190109,0.0797191,0.1005942,0.1222725,0.1742173,0.1317213,0.153251
NA,2019,"Tottori","Jul",225,"UA-4805","W2",89,0,0.0081329,0.009314,0.008337,0.006915,0.0072195,0.0058419,0.005303,0.0076835,0.0052197,0.0101101,0.008767,0.0168847,0.020774,0.0235237,0.0194548,0.025754,0.0310197,0.0338344,0.0308944,0.0330771,0.052526,0.0583416,0.0254452,0.065192,0.0719231,0.0780011,0.0563435,0.0659933,0.0931506,0.1055978,0.076477,0.1007032,0.1146688,0.1405399,0.1164527,0.1118595
NA,2019,"Tottori","Jul",109,"GmWMC109","W2",90,0,0.0090884,0.0079589,0.0116355,0.0102195,0.0086649,0.0120722,0.0126367,0.0106196,0.0104379,0.0136272,0.0153768,0.0154885,0.0269449,0.0287032,0.0299579,0.0369408,0.0419348,0.0436086,0.0383149,0.0436846,0.0658688,0.0726394,0.036976,0.0822727,0.1016729,0.0867607,0.074615,0.0819696,0.1140338,0.121884,0.1013222,0.1384822,0.1258337,0.1866058,0.1626067,0.1641831
NA,2019,"Tottori","Jul",49,"GmJMC049","W2",91,0,0.0064095,0.0058229,0.010622,0.0076367,0.0096063,0.0123615,0.0159557,0.0114003,0.0138837,0.0221006,0.0254285,0.0264875,0.0314802,0.0422604,0.0323118,0.0530959,0.0628277,0.0848265,0.0755249,0.0736333,0.1227147,0.1313518,0.1009987,0.165765,0.1790189,0.1910469,0.1876501,0.2032749,0.2447622,0.2425741,0.2474098,0.2742193,0.282101,0.3358488,0.3070211,0.2908753
NA,2019,"Tottori","Jul",114,"GmJMC114","W2",92,0,0.0089333,0.0090797,0.0113569,0.0135004,0.0155228,0.0182904,0.018461,0.0246083,0.0216805,0.0249894,0.031113,0.0404415,0.0414345,0.0595414,0.0513817,0.0685277,0.0890603,0.0920334,0.0987981,0.0999155,0.1555261,0.1765782,0.111692,0.202679,0.1993014,0.2186971,0.2182803,0.2261601,0.2699569,0.2899564,0.2371527,0.3141752,0.3061786,0.3817544,0.3628586,0.3211093
NA,2019,"Tottori","Jul",85,"GmJMC085","W2",93,0,0.008147,0.0062077,0.0092941,0.0066276,0.0082565,0.0093808,0.0091475,0.0110835,0.0093937,0.0158134,0.0137048,0.0192493,0.0249606,0.0303973,0.026453,0.0360537,0.0350585,0.0561511,0.0552496,0.0521291,0.1030342,0.1077833,0.0632329,0.1212176,0.1138689,0.1219726,0.1182522,0.1514307,0.2050932,0.2320184,0.2016084,0.2619669,0.2641968,0.31892,0.2695961,0.297215
NA,2019,"Tottori","Jul",147,"GmWMC147","W2",94,0,0.0149837,0.0142544,0.017138,0.015079,0.0166854,0.0228143,0.0245181,0.0324656,0.0354222,0.0411932,0.0409366,0.0530366,0.0534992,0.0744542,0.07013,0.0928078,0.1143977,0.1209113,0.1184705,0.1334631,0.211625,0.2554733,0.2123941,0.2779102,0.2840928,0.2938393,0.3132355,0.3222603,0.3806971,0.417243,0.384281,0.3926507,0.4627134,0.5642918,0.4570346,0.3713037
NA,2019,"Tottori","Jul",91,"GmJMC091","W2",95,0,0.0199289,0.0141428,0.0202418,0.0242288,0.0284551,0.0329462,0.0385605,0.0360801,0.0466146,0.0518099,0.0448909,0.0612897,0.0692495,0.0840651,0.0797146,0.1111935,0.1307129,0.1338317,0.1569626,0.1873025,0.2190188,0.2380024,0.2200009,0.2650702,0.274896,0.2907222,0.3029335,0.3264437,0.3560134,0.3601487,0.3450086,0.3448072,0.3833153,0.4788312,0.3897524,0.3189788
NA,2019,"Tottori","Jul",157,"GmWMC157","W2",96,0,0.0017134,0.0024573,0.0029156,0.0044986,0.0042176,0.0052383,0.0074921,0.0088156,0.0074474,0.0115262,0.0113326,0.0173118,0.021924,0.0256968,0.0252185,0.0321396,0.0435003,0.0466247,0.054147,0.0543557,0.0747978,0.0896996,0.0528862,0.0934499,0.1285714,0.1240198,0.1118069,0.1340291,0.1607245,0.1998468,0.1886108,0.2085737,0.2278873,0.3024989,0.2692292,0.2648839
NA,2019,"Tottori","Jul",7,"GmJMC007","W2",97,0,0.0150372,0.012567,0.0171758,0.0201233,0.0200881,0.0224373,0.0264378,0.0342927,0.026873,0.0457389,0.0413587,0.0560957,0.058084,0.0759316,0.0688833,0.0909954,0.098635,0.105784,0.1113089,0.1279706,0.1560008,0.1687349,0.0892459,0.173025,0.1812314,0.1890357,0.1715849,0.17905,0.2122075,0.2156849,0.1777855,0.1390748,0.1696871,0.201833,0.1607683,0.1667631
NA,2019,"Tottori","Jul",173,"GmWMC173","W2",98,0,0.0111307,0.0091552,0.0129923,0.012459,0.0135678,0.0142413,0.0208863,0.0175699,0.0180757,0.0330205,0.0302448,0.0420055,0.0519426,0.0638312,0.0698139,0.0847423,0.1082067,0.121371,0.1471461,0.1660102,0.2335235,0.2453352,0.2161959,0.2738138,0.2894725,0.2837312,0.3005859,0.308338,0.3665616,0.403513,0.38529,0.4346329,0.4494283,0.5680352,0.5098586,0.4222123
NA,2019,"Tottori","Jul",90,"GmJMC090","W2",99,0,0,0,0,0,0,0,0,0,0,0,0,0.0002663,0.0005888,0.0009106,0.0021188,0.0037842,0,2.93e-05,0,0,2.55e-05,0.0008081,0,0.0005838,0.0006593,0.0018242,0.0018646,0.0023807,0.0010011,0.0038394,0.0031955,0.0048159,0.0021874,0.0024762,0.0023179,0.0021879
NA,2019,"Tottori","Jul",145,"GmJMC145","W2",100,0,0.0155644,0.0136387,0.0195596,0.0185334,0.0220252,0.0252519,0.0280225,0.032645,0.0357142,0.0432,0.0465302,0.0613667,0.0568272,0.0821497,0.080089,0.0954228,0.1088259,0.1064062,0.1375192,0.1541411,0.2119587,0.2169571,0.2400707,0.2720282,0.2493694,0.309967,0.3023139,0.3149771,0.3654414,0.397323,0.3392835,0.3473275,0.3643009,0.4335926,0.4104184,0.3456951
NA,2019,"Tottori","Jul",135,"GmWMC135","W2",101,0,0.0198573,0.0161676,0.022907,0.0206755,0.0259046,0.0267518,0.0405111,0.0344605,0.0341041,0.0467831,0.0482096,0.0667806,0.0664085,0.0885619,0.0710621,0.1008046,0.0971772,0.13072,0.1171735,0.1270422,0.2046401,0.1969023,0.1454681,0.2315638,0.2481361,0.2842489,0.2655511,0.2982737,0.3325125,0.3659761,0.3264947,0.3630599,0.3979,0.5344545,0.3899799,0.3641099
NA,2019,"Tottori","Jul",93,"GmJMC093","W2",102,0,0.0211616,0.0170531,0.024088,0.0190331,0.0249813,0.0289992,0.0348459,0.0419287,0.0461501,0.0461458,0.0508893,0.0557655,0.0661029,0.0866642,0.0927959,0.1206638,0.1273047,0.1492072,0.1392792,0.1526557,0.2221804,0.2415167,0.1653487,0.2884464,0.2771886,0.3209842,0.3122741,0.3255575,0.4036186,0.3963047,0.3983289,0.3890335,0.386003,0.5000012,0.3227628,0.3335999
NA,2019,"Tottori","Jul",94,"GmWMC094","W2",103,0,0.0170825,0.0134132,0.0210364,0.0189307,0.0179309,0.0183394,0.0300833,0.0279041,0.0316517,0.042239,0.0415799,0.0494632,0.0448416,0.0652691,0.0586185,0.0892867,0.0958837,0.1146317,0.1007906,0.1199387,0.1789401,0.1892092,0.1570698,0.2355305,0.2438292,0.2661063,0.244556,0.2581469,0.3459769,0.3560568,0.3648343,0.3196488,0.3032027,0.453495,0.2752791,0.306217
NA,2019,"Tottori","Jul",190,"GmWMC190","W2",104,0,0.0175267,0.0139213,0.0158708,0.0171173,0.0154408,0.0204528,0.0330561,0.029673,0.0363159,0.0446459,0.0432841,0.0652676,0.0643496,0.0804732,0.0855621,0.1036962,0.0996896,0.1459944,0.1494496,0.168972,0.2265489,0.223678,0.1847515,0.2629372,0.2709417,0.2846641,0.3099728,0.2773225,0.3676972,0.3750185,0.3384608,0.2854534,0.343613,0.4481254,0.3189523,0.3511248
NA,2019,"Tottori","Jul",46,"GmWMC046","W2",105,0,0.021827,0.0155478,0.0226955,0.0267787,0.0257321,0.029047,0.0359716,0.0405274,0.0399523,0.0478053,0.0473332,0.061014,0.0543762,0.0685984,0.0659689,0.0767798,0.0810606,0.1164841,0.0917106,0.1049362,0.1601611,0.1554048,0.0519355,0.1729431,0.1729197,0.1465688,0.107427,0.117038,0.1546125,0.1572884,0.1141727,0.0975002,0.1137575,0.1476165,0.1115529,0.1053618
NA,2019,"Tottori","Jul",158,"GmJMC158","W2",106,0,0.0149153,0.0092031,0.0178009,0.0172779,0.0209176,0.0220084,0.0272826,0.0265105,0.0291198,0.0369668,0.0376611,0.0622552,0.0658731,0.0826764,0.0966511,0.1060544,0.134835,0.1729756,0.1762749,0.185505,0.2631422,0.2617175,0.2077136,0.3184875,0.3216669,0.3484601,0.3583749,0.3253501,0.4575888,0.4790485,0.4546021,0.3789204,0.385112,0.5593529,0.3643323,0.3708465
NA,2019,"Tottori","Jul",167,"GmJMC167","W2",107,0,0.0169206,0.0154907,0.0166402,0.0167472,0.0177103,0.0259129,0.0307641,0.0296708,0.034748,0.0467017,0.0514098,0.0742666,0.0729941,0.1010472,0.1122393,0.1356737,0.1403831,0.1853493,0.1875013,0.1793211,0.2723428,0.2922922,0.187852,0.3638342,0.3742636,0.3332864,0.3458469,0.3637273,0.4884805,0.4956576,0.4105966,0.4065243,0.3932255,0.5946921,0.4822261,0.4747879
NA,2019,"Tottori","Jul",111,"GmJMC111","W2",108,0,0.0178511,0.015696,0.0189979,0.0110786,0.0186236,0.0256018,0.0271003,0.0254947,0.0337441,0.0421857,0.0428884,0.0591897,0.0619229,0.0852302,0.0821364,0.1236866,0.120148,0.1470508,0.1532568,0.1561142,0.2453794,0.2563632,0.171109,0.3154972,0.2979137,0.3279497,0.3191666,0.3331838,0.416681,0.404609,0.3887816,0.3841689,0.2630534,0.5368826,0.49419,0.3710103
NA,2019,"Tottori","Jul",162,"GmWMC162","W2",109,0,0.0182604,0.0126316,0.0182762,0.0144138,0.0168378,0.0206297,0.0247119,0.0215202,0.0296764,0.0345344,0.0456529,0.0627241,0.0614046,0.0818922,0.0872101,0.1237101,0.1201683,0.1462246,0.1503187,0.170177,0.2546651,0.2417784,0.1734145,0.2977801,0.3025542,0.3220622,0.2924573,0.329379,0.4052624,0.420169,0.3946876,0.3940826,0.3987661,0.5946403,0.4469656,0.4582112
NA,2019,"Tottori","Jul",28,"GmJMC028","W2",110,0,0.012998,0.0139816,0.012796,0.0105473,0.0140019,0.0191524,0.025596,0.027522,0.0335922,0.0392764,0.0374904,0.0427159,0.05652,0.0647638,0.0591738,0.0906303,0.082104,0.1129137,0.1070539,0.1139291,0.1832707,0.1952354,0.1137777,0.2437141,0.262138,0.2643043,0.2315716,0.308189,0.3473036,0.3546481,0.3489003,0.3699579,0.3440159,0.4823854,0.407198,0.4209735
NA,2019,"Tottori","Jul",51,"GmJMC051","W2",111,0,0.0179785,0.0209201,0.025443,0.0277542,0.0321737,0.0345432,0.058968,0.0600538,0.0715813,0.0777148,0.0753341,0.1025382,0.111159,0.1493737,0.1417068,0.1873524,0.2027777,0.2121871,0.2184059,0.27501,0.3277387,0.3144395,0.2012046,0.4055092,0.3778863,0.4153824,0.3379142,0.4197201,0.4879162,0.4832831,0.3651884,0.4188255,0.3986779,0.4443492,0.3809408,0.3552752
NA,2019,"Tottori","Jul",34,"GmJMC034","W2",112,0,0.0216288,0.0247595,0.0241415,0.0258585,0.0308058,0.0395357,0.0603685,0.0631984,0.0685213,0.0934038,0.0911342,0.1323102,0.136991,0.1797267,0.164946,0.2026317,0.2083709,0.2189955,0.233135,0.2694155,0.358684,0.3285691,0.1207388,0.4405922,0.4210034,0.4225067,0.3224446,0.2960554,0.5173228,0.4977491,0.3149891,0.3924026,0.3194257,0.4260599,0.2958549,0.283823
NA,2019,"Tottori","Jul",106,"GmJMC106","W2",113,0,0.014948,0.0115629,0.0159707,0.012306,0.0137268,0.0185353,0.0271032,0.0259499,0.0306489,0.0385148,0.0401867,0.0647683,0.0725981,0.0880267,0.1021411,0.1391368,0.1339032,0.1744988,0.1898185,0.2089056,0.2591981,0.2653462,0.1924984,0.3222934,0.3146315,0.3495198,0.323344,0.3653387,0.3814274,0.4243082,0.3926629,0.3668861,0.4664547,0.5187322,0.4014594,0.4212506
NA,2019,"Tottori","Jul",165,"GmWMC165","W2",114,0,0.003658,0.0051738,0.0034193,0.0014735,0.0030385,0.0033812,0.004865,0.0056712,0.0105336,0.0196148,0.0257048,0.0348368,0.0326016,0.0527494,0.0586985,0.0889113,0.0835949,0.102777,0.1092606,0.1204652,0.1791518,0.1852467,0.1407767,0.2214544,0.249801,0.2653786,0.2547614,0.2851461,0.3157245,0.3567643,0.3397694,0.3578483,0.3867255,0.4624169,0.4005998,0.4401166
NA,2019,"Tottori","Jul",95,"GmJMC095","W2",115,0,0.0218691,0.0183562,0.026065,0.0226312,0.0247153,0.027031,0.0362483,0.0409658,0.0484336,0.0622525,0.0690606,0.090194,0.1016615,0.1217388,0.1435505,0.1601946,0.1878056,0.2088863,0.2209338,0.2649331,0.317002,0.3098503,0.2404284,0.3861163,0.3806662,0.3880859,0.3654837,0.3973998,0.5133726,0.5032909,0.3252733,0.3585132,0.4010659,0.5970605,0.4520056,0.3874213
NA,2019,"Tottori","Jul",41,"GmJMC041","W2",116,0,0.0103739,0.0103402,0.0135617,0.0118829,0.0134359,0.0156195,0.0220487,0.0218907,0.022739,0.0325312,0.0342069,0.0620957,0.0659836,0.0711094,0.0754284,0.097142,0.1050252,0.1447326,0.1407321,0.168404,0.2056269,0.1983062,0.1174979,0.234051,0.2387314,0.2366133,0.1954818,0.1802845,0.2609119,0.2612049,0.2224384,0.153934,0.1869736,0.2465879,0.2094187,0.1736706
NA,2019,"Tottori","Jul",16,"GmJMC016","W2",117,0,0.0169021,0.0164015,0.0213777,0.0183247,0.0188009,0.0199068,0.0342617,0.0332438,0.0379424,0.0549925,0.0518633,0.0985384,0.0954302,0.1293964,0.1263333,0.1606575,0.138491,0.1822604,0.1841078,0.2158559,0.2743066,0.2548046,0.1929916,0.3120395,0.3134128,0.3518594,0.3084863,0.2824434,0.343914,0.3562242,0.2884733,0.2107342,0.257725,0.3372711,0.288188,0.2781057
NA,2019,"Tottori","Jul",156,"GmWMC156","W2",118,0,0.0107218,0.0084151,0.0113225,0.0114051,0.0116348,0.0122109,0.0185003,0.016147,0.0189701,0.0269748,0.0343066,0.0351039,0.0473811,0.0640918,0.0776436,0.0958169,0.1054966,0.1357594,0.1380337,0.1691449,0.2166712,0.2428309,0.2102853,0.2966481,0.2960647,0.3028751,0.3104383,0.2990946,0.3577918,0.4106877,0.3819731,0.381965,0.4099681,0.4878726,0.4574466,0.5093111
NA,2019,"Tottori","Jul",12,"GmWMC012","W2",119,0,0.0054663,0.0047518,0.0056014,0.0065168,0.00711,0.011395,0.0187109,0.0169859,0.0178129,0.0283117,0.0246837,0.0471079,0.051227,0.0613108,0.0664096,0.0934771,0.0768176,0.0985145,0.1150254,0.1300992,0.1647604,0.1607904,0.176504,0.2256632,0.2321628,0.2567711,0.265752,0.2779666,0.3094779,0.3208243,0.3437503,0.311139,0.3169921,0.3492225,0.3352748,0.3207885
NA,2019,"Tottori","Jul",115,"GmWMC115","W2",120,0,0.0084945,0.0081021,0.0101376,0.0124384,0.0142345,0.0199509,0.0255515,0.0231534,0.0364531,0.0496882,0.0413611,0.0707044,0.0681083,0.0838478,0.0924039,0.1096284,0.1173754,0.1306639,0.1515864,0.1710812,0.2178176,0.2158767,0.1777909,0.2397723,0.2674149,0.2507493,0.2522207,0.2480205,0.3253818,0.3514977,0.2948049,0.2437515,0.2722304,0.338757,0.3158117,0.3139669
NA,2019,"Tottori","Jul",99,"GmJMC099","W2",121,0,0.0105911,0.0105962,0.0118084,0.0133643,0.0153315,0.0198905,0.0287859,0.0344186,0.0441931,0.0526398,0.0537491,0.0803828,0.0955971,0.1261206,0.1322876,0.1776859,0.167559,0.186584,0.2037,0.2421025,0.3009204,0.2914622,0.2435987,0.3624999,0.3848763,0.3695783,0.3618312,0.3575662,0.4585684,0.4853692,0.3892297,0.3213555,0.4011253,0.5419506,0.501187,0.4524705
NA,2019,"Tottori","Jul",108,"GmWMC108","W2",122,0,0.0034788,0.0042147,0.0049552,0.0028222,0.0031302,0.0036077,0.0063863,0.0087346,0.0083326,0.0142995,0.0139571,0.0386574,0.0408436,0.0608939,0.0583443,0.0762885,0.08455,0.0929654,0.1063892,0.1338837,0.1857716,0.1533905,0.1589121,0.1918649,0.2454123,0.2477003,0.1821136,0.220307,0.2785435,0.2750678,0.2140985,0.2232083,0.1963246,0.2960429,0.2892141,0.2297686
NA,2019,"Tottori","Jul",63,"GmJMC063","W2",123,0,0.0053972,0.0042719,0.0055595,0.0039096,0.0063667,0.0082691,0.0112601,0.0122351,0.0101209,0.01096,0.0102871,0.0292897,0.0257705,0.0377414,0.0443091,0.0600423,0.0608216,0.0678632,0.0726722,0.1045727,0.1499701,0.1269709,0.1193796,0.1838029,0.1989123,0.1993891,0.168569,0.2205529,0.2650037,0.2943711,0.2481137,0.2326136,0.2889005,0.3140112,0.3288949,0.3699574
NA,2019,"Tottori","Jul",144,"GmWMC144","W2",124,0,0.0145065,0.0128991,0.0201626,0.0150756,0.0191283,0.0215188,0.0234248,0.0277655,0.0287173,0.031467,0.032,0.0510246,0.0644162,0.0743503,0.0827106,0.117917,0.115778,0.1319031,0.1534265,0.1855116,0.2517744,0.2273118,0.2217557,0.3226462,0.2966469,0.3194469,0.3228673,0.3072804,0.3924692,0.3706387,0.3388422,0.2492016,0.347403,0.4535999,0.3160149,0.4158436
NA,2019,"Tottori","Jul",43,"GmJMC043","W2",125,0,0.0117201,0.0088869,0.0154117,0.0138734,0.0143497,0.0139453,0.0118053,0.0204279,0.0216837,0.0201187,0.037103,0.0460645,0.0477252,0.0811529,0.0803349,0.1021278,0.1043981,0.132887,0.1371287,0.1556641,0.2477099,0.2417108,0.1821577,0.321276,0.2934149,0.309445,0.2789927,0.3126084,0.3831253,0.3625609,0.3375125,0.3169822,0.3722768,0.3525959,0.3512391,0.3172017
NA,2019,"Tottori","Jul",121,"GmJMC121","W2",126,0,0.0209051,0.0214997,0.0256525,0.0256181,0.0340585,0.0405819,0.0611447,0.0592133,0.0593409,0.0818864,0.0964811,0.1250451,0.1426321,0.1908085,0.1845002,0.1962153,0.1942043,0.2060811,0.2168907,0.2640382,0.3129564,0.2788823,0.2207007,0.3793025,0.3217215,0.3713369,0.3556455,0.2886925,0.4053404,0.4677033,0.3759032,0.3157448,0.3972709,0.3732879,0.3125497,0.2960371
NA,2019,"Tottori","Jul",15,"GmWMC015","W2",127,0,0.013665,0.0099023,0.0161504,0.0145858,0.0214041,0.0216444,0.0395851,0.0340999,0.0439555,0.0692287,0.0599219,0.0989723,0.1161548,0.1309233,0.1721943,0.1908841,0.1886295,0.2002353,0.2356722,0.2649265,0.3111829,0.317125,0.2696201,0.4051029,0.356891,0.3408841,0.4255088,0.3318534,0.418619,0.4212866,0.4099036,0.2172121,0.3717571,0.470798,0.2871244,0.2782997
NA,2019,"Tottori","Jul",2,"GmJMC002","W2",128,0,0.0239832,0.0188616,0.0252901,0.0226359,0.0263887,0.0288506,0.0401044,0.049297,0.0530312,0.0710861,0.0638083,0.0782016,0.0891351,0.1067078,0.112938,0.1256713,0.1285252,0.1409512,0.121684,0.1269014,0.1472866,0.1402,0.0439807,0.1463788,0.1359356,0.120926,0.1171116,0.0999798,0.1242198,0.1502945,0.1109113,0.0785578,0.0718046,0.1079933,0.0978435,0.1025684
NA,2019,"Tottori","Jul",44,"GmJMC044","W2",129,0,0.0218319,0.0188811,0.0223615,0.0228697,0.0292445,0.0354244,0.0489244,0.0471001,0.0486649,0.0617882,0.0833751,0.1114801,0.1293375,0.1306619,0.1583526,0.1834932,0.1664859,0.20929,0.1979871,0.2550173,0.3031086,0.2512705,0.1420652,0.3181003,0.2812416,0.3098993,0.2633766,0.2456423,0.3391345,0.3287714,0.2696463,0.1901377,0.2072591,0.2285409,0.2713403,0.2017917
NA,2019,"Tottori","Jul",107,"GmWMC107","W2",130,0,0.0199548,0.0183911,0.0250692,0.0248912,0.0236157,0.0310857,0.0322058,0.0402701,0.0427768,0.0558693,0.0585911,0.0953983,0.0969703,0.1269119,0.1266422,0.1513156,0.1562785,0.1744368,0.2056753,0.2282968,0.2843138,0.2520227,0.2245615,0.3233832,0.2954391,0.3523092,0.3100178,0.3057375,0.3637104,0.3388965,0.3308407,0.2873209,0.3423658,0.3539005,0.3676975,0.3812301
NA,2019,"Tottori","Jul",17,"GmJMC017","W2",131,0,0.020323,0.0203869,0.0217791,0.0216345,0.0204818,0.0279214,0.0329197,0.0388524,0.0437949,0.0544343,0.0568241,0.0894268,0.0990417,0.108986,0.1420288,0.174281,0.1771995,0.1842904,0.2169931,0.2553651,0.3055059,0.2976797,0.2125685,0.3321187,0.3085422,0.3188547,0.3186321,0.3252725,0.3689086,0.3960001,0.2714294,0.2703788,0.3618713,0.3539525,0.3798165,0.3291103
NA,2019,"Tottori","Jul",13,"GmJMC013","W2",132,0,0.006996,0.0075827,0.0078038,0.0080573,0.0095161,0.0117165,0.0122293,0.0120771,0.0156973,0.0172415,0.0230246,0.037517,0.0379926,0.0594279,0.0492621,0.0717719,0.079269,0.1169067,0.1055731,0.1246779,0.1939696,0.1981499,0.1635622,0.2463038,0.237855,0.2576243,0.2602224,0.2796215,0.3279335,0.2967482,0.2710611,0.3144225,0.2990828,0.3459716,0.3255339,0.2913622
NA,2019,"Tottori","Jul",185,"GmWMC185","W2",133,0,0.0138013,0.0119904,0.0148961,0.0117293,0.0196282,0.0200451,0.0278561,0.0296454,0.0297085,0.0397596,0.0424353,0.069184,0.0683388,0.1038394,0.0973488,0.1139645,0.1167054,0.127692,0.1390952,0.1684063,0.233067,0.2086066,0.1971975,0.2861657,0.2585375,0.2977443,0.2906519,0.2945394,0.3576127,0.3499566,0.3152701,0.2672507,0.3471679,0.5045094,0.4525904,0.4344598
NA,2019,"Tottori","Jul",77,"GmJMC077","W2",134,0,0.0156858,0.0137891,0.019823,0.0158637,0.0191629,0.023842,0.031489,0.0295596,0.0356565,0.0401813,0.0564485,0.0790397,0.0787139,0.1090709,0.1061029,0.1398071,0.1351021,0.1561975,0.1670178,0.1943133,0.2634401,0.2723055,0.2334056,0.3352821,0.329211,0.3582559,0.3749194,0.3514804,0.413057,0.4719775,0.3761888,0.2857225,0.3650261,0.3453267,0.3987624,0.3087127
NA,2019,"Tottori","Jul",65,"GmJMC065","W2",135,0,0.020268,0.0171345,0.0200941,0.0128702,0.017164,0.0166592,0.0231623,0.0258029,0.0264592,0.0320484,0.0375342,0.0457293,0.0499819,0.0729101,0.0608013,0.0822335,0.1005971,0.1161616,0.1148061,0.1250255,0.169915,0.182624,0.1520789,0.240338,0.2191559,0.2445483,0.2377338,0.2640855,0.2782976,0.3228235,0.2840078,0.3126167,0.3451669,0.3840959,0.3438331,0.3360798
NA,2019,"Tottori","Jul",823,"GmWMC084","W2",136,0,0.0112332,0.0078614,0.0104299,0.010133,0.0103517,0.0124979,0.0113133,0.0171386,0.0185385,0.0191444,0.0290911,0.0314492,0.0360503,0.0481387,0.0513993,0.0733571,0.0743973,0.086185,0.0982157,0.1118374,0.1600135,0.174786,0.1230479,0.1982406,0.2045119,0.2148006,0.2202956,0.2370972,0.2973395,0.3138061,0.2565204,0.2846362,0.2840543,0.3141102,0.2089479,0.2901783
NA,2019,"Tottori","Jul",54,"GmJMC054","W2",137,0,0.0119039,0.0111603,0.0119779,0.0083749,0.0101642,0.0102626,0.0136244,0.012575,0.0140344,0.0170205,0.0216439,0.0349876,0.0423228,0.06318,0.048628,0.0795409,0.0798079,0.1048893,0.1084454,0.1418842,0.2125977,0.2033172,0.1534059,0.2570332,0.2964173,0.2973038,0.3105311,0.3286525,0.3947094,0.4304651,0.3507975,0.297256,0.3024765,0.4024954,0.2950654,0.3780365
NA,2019,"Tottori","Jul",22,"GmWMC022","W2",138,0,0.0132694,0.010961,0.0118566,0.0110258,0.0099291,0.0111091,0.0175914,0.0157981,0.0171517,0.0235274,0.0254856,0.0340661,0.0498465,0.0655055,0.0807936,0.0895234,0.1126462,0.1258688,0.1412282,0.1712281,0.2199237,0.2146372,0.1859588,0.2639167,0.2620308,0.2690212,0.2385169,0.273424,0.3450354,0.3542283,0.229005,0.270567,0.2239312,0.3527655,0.2061865,0.2938117
NA,2019,"Tottori","Jul",73,"GmWMC073","W2",139,0,0.0055538,0.0046433,0.0047629,0.002982,0.0035531,0.0051825,0.0050631,0.0062512,0.0057767,0.015347,0.0120141,0.0230169,0.0253913,0.0405242,0.0301436,0.0376089,0.0420248,0.048392,0.0532932,0.0707561,0.0989647,0.0958399,0.0774314,0.1117591,0.1222933,0.1266135,0.1081199,0.1268337,0.1572297,0.1898204,0.1343511,0.163229,0.1401695,0.2237759,0.1291354,0.1247918
NA,2019,"Tottori","Jul",161,"GmJMC161","W2",140,0,0.0196942,0.0171958,0.0223202,0.0221147,0.0205688,0.0222583,0.0338259,0.0342007,0.0377225,0.0440912,0.0551096,0.0768418,0.0881027,0.1146628,0.106598,0.1435172,0.1681898,0.1673694,0.1850806,0.2230105,0.2859814,0.2823789,0.2946528,0.358415,0.3685472,0.4239853,0.3644809,0.3587316,0.460086,0.5088176,0.3916205,0.4864487,0.4609635,0.5152804,0.4490409,0.5032565
NA,2019,"Tottori","Jul",81,"GmJMC081","W2",141,0,0.0088561,0.0070204,0.0115109,0.0048164,0.0074637,0.0089344,0.0157526,0.0162336,0.0119285,0.0236895,0.0231335,0.0400795,0.0457475,0.0650469,0.0597501,0.0791942,0.09248,0.098742,0.1018445,0.123586,0.1729468,0.1848465,0.1288462,0.2120797,0.2035686,0.2204001,0.2065156,0.2358308,0.2695555,0.2821009,0.2245096,0.2089679,0.2732323,0.2871626,0.3278088,0.3098376
NA,2019,"Tottori","Jul",120,"GmWMC120","W2",142,0,0.0113177,0.0113121,0.020114,0.0166033,0.0199465,0.0162499,0.018068,0.0223088,0.0262102,0.0351248,0.0355746,0.0475363,0.0456493,0.0594291,0.052618,0.0688402,0.0861649,0.1130324,0.0888588,0.1061647,0.1592242,0.1594807,0.126253,0.1871148,0.2083298,0.2150979,0.1965554,0.2144703,0.2531899,0.2832941,0.2883401,0.2664179,0.3187679,0.3500497,0.3040696,0.2950034
NA,2019,"Tottori","Jul",36,"GmWMC036","W2",143,0,0.0052975,0.0052224,0.0056678,0.0075004,0.0068375,0.0083078,0.0106185,0.011627,0.0120532,0.0169383,0.0167973,0.0301793,0.0443825,0.0433082,0.056839,0.0568478,0.0674186,0.0851025,0.1074816,0.1191825,0.1497293,0.1594888,0.1262239,0.1877199,0.1858551,0.2061248,0.1911025,0.1825787,0.2381926,0.2488229,0.2234609,0.1594529,0.2058871,0.2549719,0.1955559,0.1962198
NA,2019,"Tottori","Jul",130,"GmJMC130","W2",144,0,0.0039667,0.0030152,0.0042719,0.0051522,0.0049228,0.0062843,0.0074622,0.0058107,0.0104806,0.0151908,0.0159657,0.0260739,0.0263449,0.0384436,0.0303829,0.0410198,0.0487345,0.057098,0.0613629,0.0663151,0.1030948,0.1005988,0.0611056,0.1172314,0.1183816,0.1191704,0.0980251,0.1107221,0.1372565,0.1518771,0.1154735,0.1177169,0.1236063,0.1796218,0.1299223,0.1115165
NA,2019,"Tottori","Jul",8,"GmJMC008","W2",145,0,0.020265,0.0129045,0.0165464,0.0206471,0.0216268,0.0224322,0.0239776,0.0265228,0.0285593,0.0428457,0.0388823,0.0685124,0.075613,0.0943082,0.1032254,0.1214369,0.1377637,0.1379674,0.1492542,0.1721573,0.2096447,0.2032735,0.1573014,0.2146895,0.2092952,0.2183014,0.1882257,0.2078166,0.2434662,0.2256311,0.1859778,0.1771729,0.2073053,0.2107404,0.1950133,0.1852418
NA,2019,"Tottori","Jul",177,"GmJMC177","W2",146,0,0.0179133,0.0107448,0.0135437,0.0173053,0.0203908,0.0218323,0.0323688,0.0285256,0.030725,0.0446833,0.0414644,0.064507,0.0695442,0.0920089,0.098462,0.11838,0.1494181,0.1603149,0.1800522,0.2146725,0.2716928,0.2766803,0.2490471,0.3418405,0.3586038,0.3771585,0.3560365,0.3915662,0.4623118,0.5007293,0.4233586,0.3948993,0.5026032,0.6082221,0.3823489,0.4633756
NA,2019,"Tottori","Jul",168,"GmWMC168","W2",147,0,0.0114328,0.0085063,0.0081691,0.0084737,0.0076869,0.0076893,0.0143444,0.0171989,0.0161265,0.0178994,0.0278932,0.0459065,0.0517786,0.0692237,0.0596347,0.0914798,0.123744,0.1402636,0.1305141,0.1742395,0.2508732,0.2517675,0.216106,0.2846944,0.3110613,0.3156596,0.3153443,0.3438682,0.4123929,0.458034,0.4008786,0.3541799,0.4351951,0.536645,0.3761784,0.3682557
NA,2019,"Tottori","Jul",141,"GmWMC141","W2",148,0,0.0100899,0.0080544,0.0113976,0.0067266,0.0070525,0.0120654,0.0120363,0.0161391,0.0113152,0.0147342,0.0224754,0.0310473,0.0333363,0.053922,0.044264,0.0643511,0.0717615,0.0878722,0.083558,0.120238,0.1845597,0.1705959,0.1309434,0.2065614,0.2328055,0.2548388,0.213506,0.2778599,0.3056198,0.3381008,0.3066637,0.3275449,0.3670433,0.4353175,0.3896802,0.3912976
NA,2019,"Tottori","Jul",113,"GmWMC113","W2",149,0,0,0,0,0,0,0,0,0,0,0,0,0,1.41e-05,1.22e-05,0.0004827,0.0007785,0,8.99e-05,0.0012491,0.0015445,0.0021618,0.0038709,0.0024415,0.0065094,0.0071404,0.0121477,0.0095924,0.0150667,0.0103272,0.0210605,0.0255508,0.0007881,0.0002465,7.2e-05,0.0001653,0.0009152
NA,2019,"Tottori","Jul",92,"GmJMC092","W2",150,0,0.0143398,0.0091234,0.0173829,0.0201564,0.0192988,0.0213392,0.0236439,0.0296743,0.0195529,0.0339497,0.0426927,0.0566048,0.0669598,0.0803938,0.073597,0.095185,0.1065146,0.1477913,0.1255139,0.1381701,0.2142424,0.215638,0.1461612,0.2429555,0.2618465,0.2522255,0.2103736,0.2342581,0.2865189,0.310926,0.2354385,0.2938866,0.2332304,0.3155184,0.2151462,0.2006594
NA,2019,"Tottori","Jul",132,"GmWMC132","W2",151,0,0.0139893,0.0111328,0.0194343,0.0153373,0.0184074,0.0189267,0.0247023,0.0242647,0.0289967,0.0376403,0.0365478,0.0514004,0.0502317,0.0652359,0.0645741,0.0908161,0.0868431,0.1072566,0.1078235,0.1200868,0.1685909,0.1852128,0.1142094,0.2357637,0.2456021,0.2283125,0.2135994,0.2433177,0.2686218,0.2959457,0.2886247,0.3113291,0.2110062,0.3754738,0.2775467,0.3011546
NA,2019,"Tottori","Jul",181,"GmWMC181","W2",152,0,0.0089521,0.0083048,0.013799,0.0100304,0.0108044,0.0114208,0.0150947,0.0149697,0.0141998,0.0190289,0.0231943,0.0258599,0.0290127,0.034647,0.0330639,0.0415763,0.0549177,0.0636165,0.0527237,0.0549634,0.0926686,0.1112469,0.0835453,0.1251868,0.1456449,0.1406314,0.115818,0.1438903,0.161608,0.2151727,0.174133,0.1867432,0.2170071,0.2853596,0.2440104,0.2288512
NA,2019,"Tottori","Jul",29,"GmWMC029","W2",153,0,0.0098869,0.009193,0.0107467,0.0137176,0.014116,0.0141979,0.0151557,0.0156584,0.0184567,0.0265537,0.0256658,0.0361404,0.0430146,0.0626915,0.0658898,0.0859019,0.0815956,0.1082751,0.1013941,0.1017524,0.1665109,0.1734481,0.1140493,0.2146948,0.2144171,0.2256501,0.2181064,0.2369484,0.2663584,0.2823494,0.2661722,0.2901083,0.3025759,0.3341149,0.3043686,0.2552829
NA,2019,"Tottori","Jul",116,"GmJMC116","W2",154,0,0.0176709,0.0161387,0.0183202,0.0147051,0.0189176,0.0237809,0.0336979,0.0405801,0.0344484,0.0701826,0.0676767,0.1028657,0.1115229,0.1334249,0.1338545,0.1511665,0.1572292,0.1991116,0.1950591,0.2321423,0.3207831,0.3102643,0.1742718,0.3815623,0.3974334,0.415011,0.4056083,0.3759939,0.4775354,0.4505286,0.4561099,0.4431917,0.2666997,0.4999734,0.4052266,0.3486109
NA,2019,"Tottori","Jul",160,"GmWMC160","W2",155,0,0.0081692,0.0072711,0.0102999,0.0101844,0.0125597,0.0134838,0.0152102,0.0177302,0.0227971,0.031574,0.0341988,0.0427806,0.0505598,0.0595415,0.0601196,0.0777966,0.0796981,0.1066745,0.1007539,0.1035229,0.1586886,0.1744748,0.1375824,0.2077292,0.2317885,0.2354471,0.2331985,0.257805,0.2779364,0.3268733,0.3230815,0.3065244,0.3233712,0.46848,0.3980816,0.359846
NA,2019,"Tottori","Jul",179,"GmJMC179","W2",156,0,0.02192,0.0156043,0.0235708,0.0244056,0.0287207,0.0328474,0.0380909,0.0511485,0.0593404,0.0784031,0.0693951,0.1105779,0.1285507,0.1522888,0.1760366,0.2081247,0.1899449,0.2386365,0.2404286,0.2852847,0.3486381,0.3465648,0.2313659,0.4312086,0.4491512,0.4469348,0.4889537,0.4340262,0.5182899,0.5321818,0.5072574,0.4540371,0.3254149,0.5720803,0.5157936,0.4732277
NA,2019,"Tottori","Jul",169,"GmWMC169","W2",157,0,0.021639,0.0144545,0.0213994,0.0145445,0.020227,0.025615,0.0304807,0.0389228,0.0483144,0.0592767,0.0406605,0.0770917,0.0811032,0.1015695,0.11301,0.1412364,0.1342663,0.1588004,0.1668694,0.1867722,0.2522636,0.245144,0.1563792,0.2869863,0.2790809,0.2619884,0.2709765,0.2471099,0.3091768,0.3199633,0.2659145,0.2829999,0.1896329,0.3484402,0.3139608,0.2673384
NA,2019,"Tottori","Jul",222,"C1322","W2",158,0,0.0040653,0.003949,0.0055431,0.005729,0.0064952,0.0075192,0.0072763,0.0080461,0.0113504,0.0153084,0.0141346,0.0228102,0.0260398,0.0336113,0.0256159,0.0385398,0.042295,0.0545198,0.0605286,0.0630559,0.0921785,0.1018929,0.0717861,0.1255329,0.1376172,0.1253995,0.1004939,0.1205225,0.1492581,0.179148,0.1487429,0.16507,0.1800545,0.1948808,0.1872223,0.2075119
NA,2019,"Tottori","Jul",50,"GmJMC050","W2",159,0,0.0108119,0.0089993,0.0137311,0.0132441,0.0138927,0.0209757,0.0307525,0.0299817,0.0338338,0.0507409,0.0396457,0.0663925,0.0768722,0.0945469,0.0903427,0.131656,0.1268648,0.1550292,0.1777424,0.1698137,0.2552682,0.252801,0.1993225,0.2913561,0.3020903,0.3050029,0.2882402,0.3060379,0.3581437,0.335965,0.3456537,0.3643656,0.3417937,0.3573738,0.3410199,0.3424512
NA,2019,"Tottori","Jul",3,"GmJMC003","W2",160,0,0.0219545,0.0223628,0.0263661,0.0213369,0.0227837,0.0283484,0.038508,0.0470442,0.0520463,0.0726533,0.0618564,0.0918934,0.0942721,0.1264213,0.1094034,0.1628877,0.1499128,0.1716211,0.1807363,0.1989102,0.229969,0.2299039,0.1359102,0.2428281,0.2495434,0.2354764,0.1951813,0.1807971,0.2395624,0.2310618,0.2252319,0.1937793,0.1768428,0.2307008,0.2112902,0.1826228
NA,2019,"Tottori","Jul",150,"GmWMC150","W2",161,0,0.0042384,0.0041142,0.0041533,0.0045519,0.0049449,0.0041106,0.0070691,0.0070982,0.011543,0.0119253,0.0118393,0.0241143,0.0275519,0.0367294,0.0267521,0.0278031,0.0445364,0.0471367,0.0509121,0.0581093,0.0805163,0.0960743,0.0758604,0.1080632,0.1220122,0.139372,0.1383775,0.1481133,0.1729226,0.1859474,0.1853894,0.2084797,0.2113195,0.2904288,0.2734422,0.2592033
NA,2019,"Tottori","Jul",180,"GmJMC180","W2",162,0,0.0096858,0.0082281,0.0109869,0.0134956,0.0160475,0.0178,0.0250658,0.0271759,0.0347771,0.0465299,0.0396757,0.051466,0.0615386,0.0761156,0.0832353,0.0864063,0.0983867,0.1053789,0.1240999,0.1316058,0.1765179,0.1879771,0.1577183,0.2163767,0.222132,0.2392004,0.2500828,0.2511068,0.3050475,0.3350864,0.3096666,0.311216,0.3415287,0.4052923,0.3846543,0.3140071
NA,2019,"Tottori","Jul",66,"GmWMC066","W2",163,0,0.0142292,0.0124027,0.0167211,0.0133047,0.0143065,0.0182035,0.0218854,0.0243928,0.0274663,0.0365669,0.0296727,0.0528995,0.0618293,0.0697037,0.0821312,0.1005751,0.1137318,0.122984,0.1408651,0.1447256,0.2001299,0.198339,0.1329708,0.2459173,0.2620338,0.2714713,0.2713768,0.2791198,0.3392447,0.3248018,0.3194222,0.2964352,0.2910814,0.4087758,0.285661,0.3156035
NA,2019,"Tottori","Jul",89,"GmWMC089","W2",164,0,0.0198816,0.0117202,0.0230556,0.019233,0.0187749,0.0206588,0.0233411,0.0287737,0.0424059,0.0599218,0.0539225,0.086519,0.0974104,0.1257525,0.1243524,0.1678983,0.1739536,0.1794466,0.2151045,0.2193325,0.2853352,0.277682,0.1927853,0.3433902,0.330855,0.3534673,0.3475961,0.3195779,0.3984154,0.391379,0.344722,0.3506622,0.2436393,0.3943701,0.3086989,0.2772952
NA,2019,"Tottori","Jul",6,"GmWMC006","W2",165,0,0.0067989,0.0068827,0.0092398,0.0079988,0.0084263,0.0100403,0.0096609,0.0119735,0.0140949,0.0180561,0.0158137,0.0220223,0.0229542,0.0351091,0.0248642,0.0412655,0.0396979,0.054227,0.0496808,0.0553593,0.0955651,0.092012,0.053935,0.1144155,0.1260083,0.111227,0.0905492,0.1143461,0.1512149,0.1497427,0.1440234,0.1754968,0.1846647,0.2277294,0.169089,0.1263791
NA,2019,"Tottori","Jul",171,"GmWMC171","W2",166,0,0.0091902,0.0069719,0.0106653,0.0066422,0.0065078,0.0097703,0.0086365,0.0124898,0.0126844,0.0166981,0.0181373,0.0316739,0.033884,0.0464008,0.0532631,0.0634917,0.070892,0.0832532,0.0882199,0.0974134,0.1375795,0.1561894,0.1280594,0.178505,0.1910341,0.1960503,0.2008634,0.1991045,0.2513575,0.2540449,0.2634549,0.2531005,0.2941089,0.3748837,0.365767,0.3058577
NA,2019,"Tottori","Jul",154,"GmWMC154","W2",167,0,0.0186481,0.0150002,0.0225611,0.0199311,0.0204668,0.0222302,0.0240603,0.0254671,0.0297009,0.0318557,0.03385,0.0545887,0.055735,0.0682043,0.0741731,0.0870342,0.0949852,0.1145403,0.1181821,0.1406823,0.1903553,0.2003245,0.146945,0.2404957,0.2452914,0.2633231,0.2782245,0.2807927,0.3459998,0.3460051,0.3376406,0.3295153,0.3679257,0.4664385,0.4408469,0.3702487
NA,2019,"Tottori","Jul",48,"GmWMC048","W2",168,0,0.0081447,0.0076751,0.0109302,0.0091738,0.0095161,0.0100609,0.0126596,0.0113846,0.0141982,0.0183467,0.0203644,0.0305374,0.0348106,0.0377649,0.0397989,0.0460227,0.0467925,0.0598848,0.0700031,0.0775712,0.103232,0.1097904,0.1124179,0.1419101,0.1488247,0.1615063,0.1573662,0.1742947,0.1985947,0.2103839,0.2205201,0.2332648,0.2685284,0.3225104,0.2787557,0.2234375
NA,2019,"Tottori","Jul",159,"GmWMC159","W2",169,0,0.0070859,0.007858,0.0103313,0.0069859,0.0064635,0.0102368,0.0123656,0.0125462,0.0115503,0.016722,0.0131339,0.022408,0.0266767,0.0254655,0.0373919,0.0370072,0.0536658,0.0619553,0.0781003,0.0858132,0.1168472,0.1290856,0.1232619,0.152018,0.1669901,0.1688163,0.1868541,0.1910829,0.2201567,0.239245,0.2608914,0.2599523,0.3028715,0.3715832,0.3308575,0.3113422
NA,2019,"Tottori","Jul",78,"GmJMC078","W2",170,0,0.0186177,0.0158803,0.0233892,0.0203849,0.0183271,0.0260927,0.0339845,0.0300227,0.0320915,0.0413488,0.042334,0.0624288,0.0556319,0.0823261,0.0688661,0.1069659,0.1018969,0.1143886,0.1305116,0.134894,0.1889996,0.1734846,0.1678891,0.2331063,0.2362188,0.2447355,0.2320899,0.2621528,0.294974,0.315715,0.2908505,0.3071645,0.3563413,0.4312224,0.3726602,0.2914643
NA,2019,"Tottori","Jul",112,"GmJMC112","W2",171,0,0.0175902,0.0154284,0.0222491,0.0184551,0.0168777,0.0210459,0.0255912,0.0236455,0.0222194,0.0354138,0.0418837,0.0456165,0.0621133,0.0751155,0.0732722,0.0925393,0.1006742,0.1175315,0.1262521,0.1363363,0.1849926,0.2058413,0.1720391,0.2644773,0.2528156,0.2808857,0.2641743,0.2795904,0.3371926,0.3467348,0.3308344,0.3272613,0.3761936,0.4906689,0.4057909,0.2959948
NA,2019,"Tottori","Jul",42,"GmWMC042","W2",172,0,0.0048612,0.0062143,0.0060853,0.0082515,0.0049611,0.0080895,0.010656,0.0112817,0.0155524,0.0194916,0.0124884,0.0252933,0.0290004,0.0398359,0.0365694,0.0426717,0.046151,0.0572626,0.0711069,0.0931319,0.1064003,0.1212565,0.096799,0.1289777,0.1402434,0.1532104,0.143688,0.1521368,0.1912154,0.1764511,0.1733983,0.1735016,0.1964691,0.2160234,0.1946483,0.1882606
NA,2019,"Tottori","Jul",136,"GmWMC136","W2",173,0,0.0112224,0.0106692,0.0131874,0.0102816,0.0106764,0.0106859,0.0115906,0.0136629,0.0166514,0.0188355,0.0204523,0.0286751,0.027152,0.0413766,0.0383112,0.057735,0.074476,0.0721412,0.0902745,0.0970274,0.1393352,0.1502481,0.1083964,0.2103717,0.2109009,0.2119993,0.196207,0.2279004,0.2592385,0.3026812,0.2783033,0.3154339,0.3470699,0.4166875,0.4121382,0.4289004
NA,2019,"Tottori","Jul",170,"GmWMC170","W2",174,0,0.0053605,0.0059691,0.0071765,0.0086226,0.0072736,0.0069719,0.0067951,0.0084724,0.0129419,0.0143928,0.0158802,0.0213965,0.0238376,0.029309,0.0335261,0.0359424,0.0516505,0.0610088,0.06924,0.0772844,0.1048094,0.1280473,0.0943612,0.147754,0.1620804,0.1707061,0.1720949,0.1943371,0.2309908,0.2363487,0.2502903,0.2557489,0.2972177,0.3854478,0.3367388,0.3772686
NA,2019,"Tottori","Jul",11,"GmWMC011","W2",175,0,0.0050518,0.0030532,0.0068247,0.0062158,0.0039765,0.0046596,0.0059208,0.0074612,0.0095123,0.0104419,0.0116614,0.0141098,0.0167291,0.0261288,0.0286414,0.033439,0.0410029,0.0446047,0.0521991,0.0663102,0.0901947,0.0795873,0.0695474,0.1085971,0.1115899,0.1140354,0.1147672,0.1300103,0.151369,0.1578187,0.1437963,0.1481025,0.1594429,0.1856137,0.1690601,0.1904954
NA,2019,"Tottori","Jul",137,"GmJMC137","W2",176,0,0.024171,0.0192086,0.0259021,0.0296488,0.0321923,0.0359665,0.0408042,0.0396945,0.0454677,0.0550707,0.0617921,0.0654474,0.0709787,0.084091,0.0861991,0.0977592,0.114049,0.1501741,0.1312707,0.1409516,0.2099275,0.2304607,0.1612241,0.2470744,0.2716906,0.2816297,0.2523593,0.2941908,0.3926099,0.3859279,0.363105,0.3775151,0.3694913,0.5258294,0.4255231,0.478323
NA,2019,"Tottori","Jul",37,"GmJMC037","W2",177,0,0.0164856,0.0120972,0.0189204,0.0166086,0.0198546,0.0219764,0.0355729,0.0350233,0.0357564,0.0504527,0.0408285,0.0544279,0.0672731,0.0815074,0.0878487,0.097266,0.1254396,0.1348405,0.1413536,0.1488089,0.206863,0.2287747,0.1642056,0.2323904,0.2596555,0.2434074,0.2280452,0.2289456,0.2770076,0.2926147,0.2542162,0.2603747,0.3457252,0.3749415,0.2813512,0.2896772
NA,2019,"Tottori","Jul",98,"GmJMC098","W2",178,0,0.0136324,0.0120086,0.0147397,0.0135194,0.0158817,0.0163507,0.0228384,0.0226815,0.0254328,0.0380907,0.0333581,0.0463998,0.0480087,0.0626682,0.0607721,0.0693226,0.1056054,0.11774,0.1315144,0.1326519,0.196548,0.2068293,0.1846678,0.2309654,0.2510914,0.2533364,0.2707624,0.2830463,0.3150498,0.349709,0.3376578,0.3467676,0.3925173,0.4870435,0.4196017,0.4418668
NA,2019,"Tottori","Jul",101,"GmJMC101","W2",179,0,0.0236691,0.0191204,0.0288915,0.0312936,0.0237921,0.0292476,0.0515975,0.0494758,0.0607194,0.0705111,0.0692487,0.0804506,0.0846203,0.1138136,0.1191282,0.1402764,0.1680997,0.1871873,0.1814072,0.1986189,0.2658134,0.2860057,0.2039218,0.32268,0.3528818,0.348796,0.3490629,0.3603995,0.4450818,0.4413403,0.3826237,0.4000361,0.3965378,0.5727912,0.455761,0.501486
NA,2019,"Tottori","Jul",187,"GmWMC187","W2",180,0,0.0087615,0.0067279,0.0069336,0.0082049,0.0073963,0.0099407,0.0128674,0.0150542,0.018076,0.0205803,0.0204745,0.0264904,0.0248264,0.0382378,0.0354271,0.0434696,0.0549306,0.0683513,0.0600385,0.0604837,0.1021339,0.1280938,0.0894292,0.1359163,0.1614774,0.1576137,0.1421837,0.1667354,0.1954473,0.2404347,0.2271646,0.244071,0.2725435,0.3516316,0.3771277,0.4218325
NA,2019,"Tottori","Jul",27,"GmWMC027","W2",181,0,0.0147811,0.0123844,0.0145652,0.0150893,0.0149736,0.015421,0.0136699,0.0172993,0.0178951,0.0199856,0.0237318,0.0319838,0.0333315,0.0459466,0.0390701,0.0504026,0.07203,0.098946,0.0815391,0.0787456,0.1545293,0.1696385,0.1045302,0.1898277,0.2098623,0.2143252,0.1718205,0.2033716,0.2677021,0.2960785,0.2379944,0.2699313,0.3091129,0.3666638,0.3349975,0.3213885
NA,2019,"Tottori","Jul",45,"GmWMC045","W2",182,0,0.003077,0.0022313,0.0026124,0.0027542,0.0027036,0.00288,0.0022264,0.0031512,0.0042956,0.0065575,0.0053849,0.0108255,0.0070581,0.0164258,0.0095259,0.0142579,0.0179299,0.0214034,0.0251215,0.025519,0.0350146,0.041248,0.0348681,0.0552409,0.0582939,0.0542304,0.0543687,0.0608678,0.0781233,0.0830353,0.0766281,0.0958529,0.0995296,0.1261407,0.1164716,0.1094589
NA,2019,"Tottori","Jul",152,"GmWMC152","W2",183,0,0.0201559,0.0200491,0.02428,0.0180139,0.0206386,0.0227164,0.0232864,0.0290534,0.0312234,0.0361899,0.0462392,0.0507776,0.0613615,0.0675825,0.0699455,0.089682,0.1245067,0.1360054,0.1248704,0.1392204,0.2037514,0.2235702,0.1792883,0.2587619,0.286004,0.2800702,0.2719384,0.3100792,0.3670748,0.3754004,0.3498759,0.3715957,0.4266266,0.5260406,0.5023877,0.5323769
NA,2019,"Tottori","Jul",188,"GmWMC188","W2",184,0,0.0108967,0.0100322,0.01292,0.0108726,0.0151655,0.0165632,0.0215572,0.020801,0.0211428,0.0295526,0.0259013,0.0367701,0.0387095,0.0545724,0.057233,0.0705263,0.0739829,0.1036703,0.0990518,0.1169869,0.1693603,0.1932396,0.162814,0.2250392,0.233506,0.2454756,0.2391134,0.2638033,0.2973257,0.3198517,0.3100516,0.3292197,0.3796863,0.4406934,0.4337902,0.4102269
NA,2019,"Tottori","Jul",4,"GmJMC004","W2",185,0,0.0222856,0.0189617,0.0214798,0.0183463,0.0168533,0.0209396,0.0201337,0.0230796,0.0254057,0.0310358,0.0338304,0.0397398,0.0398686,0.0549639,0.0558701,0.0733826,0.0849866,0.1009265,0.1090438,0.121262,0.1530244,0.1597709,0.1304433,0.1727251,0.166688,0.1762673,0.1599273,0.1744652,0.2081768,0.1957372,0.1653893,0.1857899,0.1427395,0.2031415,0.1779787,0.1927781
NA,2019,"Tottori","Jul",122,"GmWMC122","W2",186,0,0.0045215,0.0035161,0.0065343,0.0056375,0.0067425,0.0073498,0.0074378,0.00918,0.008425,0.0140525,0.0154199,0.0215525,0.0209164,0.0246296,0.0290191,0.0401523,0.0412018,0.0525251,0.0595456,0.0680139,0.0875808,0.0973779,0.0855471,0.1188132,0.1292714,0.1402954,0.137543,0.1543755,0.1811405,0.1965022,0.2095491,0.2112903,0.2318481,0.2862596,0.2697554,0.276843
NA,2019,"Tottori","Jul",57,"GmJMC057","W2",187,0,0.0082018,0.0072976,0.0093863,0.0108978,0.0092194,0.011851,0.0137128,0.0146998,0.0148784,0.023976,0.024477,0.0303902,0.0282857,0.0455471,0.0376877,0.0529006,0.0708744,0.0916802,0.0816363,0.0873913,0.1471723,0.1668737,0.1147438,0.1907765,0.1965323,0.185542,0.1759727,0.2132075,0.238845,0.2611819,0.2389207,0.2622719,0.2782841,0.3333282,0.2622425,0.3065764
NA,2019,"Tottori","Jul",127,"GmWMC127","W2",188,0,0.0124225,0.0116073,0.0110419,0.0143697,0.0116394,0.02072,0.0222894,0.0216107,0.0289574,0.0416805,0.041387,0.0635772,0.0670336,0.0863768,0.0846272,0.1014022,0.1207625,0.1334163,0.157508,0.1845076,0.230808,0.2368303,0.2334781,0.2724124,0.2907766,0.3018037,0.3172374,0.3336267,0.3754812,0.3911751,0.3869043,0.3915464,0.4300538,0.5251905,0.4180597,0.4743517
NA,2019,"Tottori","Jul",61,"GmJMC061","W2",189,0,0.0156567,0.0106232,0.0164809,0.0174822,0.0177038,0.0236316,0.035114,0.0318502,0.0357782,0.0584747,0.0405109,0.0675958,0.0694577,0.094309,0.0851258,0.10693,0.1281809,0.1288456,0.1445134,0.1782163,0.2308722,0.2277812,0.2233385,0.2794251,0.2556203,0.2833985,0.3041379,0.3196415,0.3772819,0.3839084,0.2850824,0.3359034,0.3586465,0.4931391,0.364187,0.3923238
NA,2019,"Tottori","Jul",124,"GmWMC124","W2",190,0,0.0072014,0.0049931,0.0049662,0.0050511,0.0051739,0.0076205,0.0124584,0.0114437,0.0115633,0.0141383,0.0139213,0.0243666,0.0296586,0.0449145,0.0325189,0.0485062,0.0552972,0.0666022,0.0663477,0.0793141,0.1135736,0.0992202,0.1042703,0.1692105,0.1714701,0.1931102,0.1629641,0.1968142,0.2335004,0.2367187,0.227368,0.3160928,0.2773086,0.3577153,0.2784541,0.3186069
NA,2019,"Tottori","Jul",166,"GmWMC166","W2",191,0,0.0046411,0.0051074,0.0064058,0.0062459,0.0066598,0.0090542,0.0111763,0.0105205,0.0109315,0.01706,0.0159129,0.023038,0.0277786,0.0368593,0.0322695,0.0503313,0.0591604,0.059513,0.0747937,0.0793166,0.124721,0.1301596,0.089438,0.1611815,0.1775818,0.1720426,0.1660808,0.2039956,0.249967,0.2700035,0.2633233,0.3092901,0.3352575,0.4192328,0.4019234,0.368712
NA,2019,"Tottori","Jul",123,"GmWMC123","W2",192,0,0.0208712,0.0195897,0.0230642,0.0205419,0.0281708,0.0318076,0.0436723,0.0390352,0.0419286,0.0516405,0.0585014,0.0726611,0.0826108,0.0924952,0.0942407,0.1079178,0.1281348,0.1567049,0.1749253,0.1855472,0.2471454,0.2503764,0.2168175,0.294643,0.3035497,0.3267401,0.3261222,0.3531947,0.4127983,0.4405367,0.3992149,0.4181848,0.4779252,0.5805156,0.5067458,0.4457688
NA,2019,"Tottori","Jul",163,"GmWMC163","W2",193,0,0.0102461,0.0101059,0.0106987,0.0110366,0.0134454,0.0197053,0.0226559,0.0205968,0.0231736,0.0351009,0.0318526,0.0453771,0.0527603,0.0687039,0.0714344,0.0886214,0.0979686,0.117118,0.1286638,0.1428277,0.2021674,0.2116275,0.1867607,0.2469646,0.2647032,0.2649641,0.2724942,0.2966958,0.339732,0.3737071,0.3590514,0.3498607,0.40639,0.5046783,0.4489433,0.4471107
NA,2019,"Tottori","Jul",75,"GmWMC075","W2",194,0,0.0099541,0.0074458,0.0105907,0.0110738,0.0104592,0.0116478,0.0177507,0.0187115,0.0208817,0.0240383,0.0300149,0.0330893,0.0444037,0.0612734,0.0556156,0.0721591,0.0868886,0.1018004,0.1152139,0.1288399,0.1888982,0.1904642,0.1436633,0.2188058,0.2307241,0.231379,0.221366,0.2584343,0.2856197,0.2971266,0.293013,0.2791732,0.3032919,0.3310115,0.3072626,0.3103212
NA,2019,"Tottori","Jul",103,"GmWMC103","W2",195,0,0.0121539,0.0078512,0.013858,0.0155131,0.0145422,0.0142938,0.0200358,0.0170035,0.0213126,0.023625,0.0287941,0.0301412,0.0372548,0.0484079,0.0376222,0.0544476,0.0681164,0.0661782,0.086241,0.1015779,0.1316441,0.1293784,0.117164,0.1607864,0.1619554,0.173311,0.1639693,0.1696061,0.2045684,0.2078657,0.2064623,0.2056394,0.2309915,0.2197261,0.20163,0.2089218
NA,2019,"Tottori","Jul",184,"GmJMC184","W2",196,0,0.0156538,0.0107332,0.013483,0.0143383,0.017656,0.0181199,0.0192321,0.0218163,0.0231087,0.0301166,0.030548,0.0334052,0.0342429,0.0490117,0.0426624,0.0668848,0.0828272,0.0884267,0.0821794,0.0958768,0.1510509,0.1593014,0.13776,0.1889204,0.1981563,0.2045961,0.2044921,0.2488869,0.2805001,0.2934488,0.2899718,0.3270121,0.3528917,0.4615507,0.3807389,0.4164102
NA,2019,"Tottori","Jul",26,"GmJMC026","W2",197,0,0.0041443,0.00264,0.0052107,0.00599,0.0053963,0.0053433,0.0106125,0.0128631,0.0152033,0.0149475,0.0150099,0.0197229,0.0283679,0.0383526,0.0370316,0.0465262,0.0582765,0.071437,0.0659589,0.0801767,0.1204642,0.121863,0.0853974,0.1368298,0.1519671,0.1605128,0.1480213,0.1755599,0.2055724,0.2085911,0.1880516,0.1855754,0.2019295,0.2372628,0.2097235,0.2115684
NA,2019,"Tottori","Jul",67,"GmJMC067","W2",198,0,0.010798,0.0111082,0.0127085,0.0142853,0.015405,0.0201581,0.0334544,0.0299672,0.0329168,0.0438203,0.0398236,0.0454505,0.0584427,0.0809851,0.07093,0.0898675,0.1112864,0.1173419,0.1250477,0.1456559,0.2050796,0.1903582,0.1682481,0.1998871,0.2216898,0.2546064,0.2442772,0.2912039,0.3139371,0.3290796,0.3183184,0.3226674,0.3834322,0.4245859,0.3774677,0.3481593
NA,2019,"Tottori","Jul",119,"GmWMC119","W2",199,0,0.0088529,0.0066431,0.0122059,0.0122863,0.0131797,0.0149198,0.0171115,0.0165578,0.0187511,0.022967,0.0247859,0.0371325,0.0440605,0.0499754,0.0537894,0.0737381,0.0781843,0.0959777,0.1095635,0.1340262,0.1699061,0.1724557,0.1676631,0.1969164,0.1972998,0.2208269,0.23603,0.2524542,0.2820978,0.2932669,0.3050008,0.2852475,0.3221016,0.3770079,0.3328109,0.3250372
NA,2019,"Tottori","Jul",97,"GmJMC097","W2",200,0,0.0177092,0.0148911,0.020832,0.02192,0.0241904,0.0280181,0.0271904,0.0333025,0.0311576,0.0438511,0.0443764,0.058565,0.0694071,0.0821978,0.0798798,0.1045046,0.1083635,0.1400347,0.1412815,0.1649872,0.2159171,0.2318836,0.209076,0.2754399,0.2962747,0.2933391,0.3046378,0.320848,0.3965394,0.4219217,0.3708707,0.3847332,0.4053842,0.5275092,0.4948465,0.3727194
